year,edge_id,source_station,target_station,seg_id,length_km
2017,E000001,S000001,S000002,rail_1,48.73983521388553
2017,E000002,S000003,S000004,rail_10,25.34739649291189
2017,E000003,S000005,S000006,rail_100,3.614274358044723
2017,E000004,S000007,S000008,rail_101,43.32633713795178
2017,E000005,S000009,S000010,rail_102,74.49509561293588
2017,E000006,S000011,S000012,rail_103,121.91914101817726
2017,E000007,S000013,S000014,rail_104,20.97303060232615
2017,E000008,S000015,S000016,rail_105,134.5809982909295
2017,E000009,S000017,S000018,rail_106,6.5860553522178185
2017,E000010,S000019,S000020,rail_107,79.35862091015987
2017,E000011,S000021,S000022,rail_108,182.7418224081231
2017,E000012,S000023,S000024,rail_109,83.1520479786517
2017,E000013,S000025,S000026,rail_11,74.68723715748597
2017,E000014,S000027,S000028,rail_110,269.20326361885026
2017,E000015,S000029,S000030,rail_111,18.77089535974268
2017,E000016,S000031,S000032,rail_112,172.74733428514304
2017,E000017,S000033,S000034,rail_113,63.948393460006834
2017,E000018,S000035,S000036,rail_114,152.9264809911701
2017,E000019,S000037,S000038,rail_115,24.69690010274753
2017,E000020,S000039,S000040,rail_116,29.503775713168423
2017,E000021,S000041,S000042,rail_117,23.06802533439017
2017,E000022,S000043,S000044,rail_118,65.8553219871265
2017,E000023,S000045,S000046,rail_119,151.4686672406151
2017,E000024,S000047,S000048,rail_12,52.51887965216893
2017,E000025,S000049,S000050,rail_120,67.23011931365187
2017,E000026,S000051,S000052,rail_121,126.25206724096348
2017,E000027,S000053,S000054,rail_122,196.0901839893251
2017,E000028,S000055,S000056,rail_123,111.44273475774892
2017,E000029,S000057,S000058,rail_124,126.1801353991361
2017,E000030,S000059,S000060,rail_125,36.132701457859575
2017,E000031,S000061,S000062,rail_126,153.68691238726504
2017,E000032,S000063,S000064,rail_127,106.41870494404829
2017,E000033,S000065,S000066,rail_128,195.42680365093292
2017,E000034,S000067,S000068,rail_129,44.49635789932099
2017,E000035,S000069,S000070,rail_13,54.03636903308833
2017,E000036,S000071,S000072,rail_130,169.0417857005125
2017,E000037,S000073,S000074,rail_131,10.104037433617169
2017,E000038,S000075,S000076,rail_132,104.46765837637211
2017,E000039,S000077,S000078,rail_133,89.58243501217297
2017,E000040,S000079,S000080,rail_134,69.66329381522515
2017,E000041,S000081,S000082,rail_135,41.32185140655056
2017,E000042,S000083,S000084,rail_136,40.01488208537607
2017,E000043,S000085,S000086,rail_137,126.26876274505852
2017,E000044,S000087,S000088,rail_138,105.84953344607229
2017,E000045,S000089,S000090,rail_139,28.6035166296285
2017,E000046,S000091,S000092,rail_14,148.3516378842417
2017,E000047,S000093,S000094,rail_140,87.2617656776245
2017,E000048,S000095,S000096,rail_141,100.67764939900536
2017,E000049,S000097,S000098,rail_142,80.27593713054603
2017,E000050,S000099,S000100,rail_143,76.70175004341192
2017,E000051,S000101,S000102,rail_144,15.793542775616404
2017,E000052,S000103,S000104,rail_145,92.40572371581015
2017,E000053,S000105,S000106,rail_146,50.77836146274104
2017,E000054,S000107,S000108,rail_147,42.53069407062031
2017,E000055,S000109,S000110,rail_148,46.25103388596436
2017,E000056,S000111,S000112,rail_149,64.72581297764403
2017,E000057,S000113,S000114,rail_15,43.10458460179337
2017,E000058,S000115,S000116,rail_150,36.59196434145559
2017,E000059,S000117,S000118,rail_151,32.02868575292545
2017,E000060,S000119,S000120,rail_152,41.87867591540782
2017,E000061,S000121,S000122,rail_153,41.40444097103356
2017,E000062,S000123,S000124,rail_154,300.5822007618808
2017,E000063,S000125,S000126,rail_155,165.2229466674357
2017,E000064,S000127,S000128,rail_156,7.338145721125999
2017,E000065,S000129,S000130,rail_157,176.67179146654289
2017,E000066,S000131,S000132,rail_158,75.7799131357236
2017,E000067,S000133,S000134,rail_159,23.18340418508891
2017,E000068,S000135,S000136,rail_16,66.06765376215007
2017,E000069,S000137,S000138,rail_160,96.16556607587783
2017,E000070,S000139,S000140,rail_161,59.53658387788896
2017,E000071,S000141,S000142,rail_162,22.831831062676663
2017,E000072,S000143,S000144,rail_163,27.194689190347173
2017,E000073,S000145,S000146,rail_164,29.794875775494784
2017,E000074,S000147,S000148,rail_165,14.57302894039377
2017,E000075,S000149,S000150,rail_166,43.6806154712489
2017,E000076,S000151,S000152,rail_167,44.74548998610855
2017,E000077,S000153,S000154,rail_168,26.01439203518445
2017,E000078,S000155,S000156,rail_169,34.815545600123976
2017,E000079,S000157,S000158,rail_17,112.06436534089713
2017,E000080,S000159,S000160,rail_170,90.1648479802688
2017,E000081,S000161,S000162,rail_171,53.01320137982723
2017,E000082,S000163,S000164,rail_172,20.551477829243503
2017,E000083,S000165,S000166,rail_173,48.68110846976504
2017,E000084,S000167,S000168,rail_174,66.31197684708947
2017,E000085,S000169,S000170,rail_175,153.36124431363112
2017,E000086,S000171,S000172,rail_176,14.045443973755882
2017,E000087,S000173,S000174,rail_177,5.422074501082499
2017,E000088,S000175,S000176,rail_178,242.2839656562821
2017,E000089,S000177,S000178,rail_179,135.4241809910658
2017,E000090,S000179,S000180,rail_18,2.55369100210545
2017,E000091,S000181,S000182,rail_180,38.97858928649395
2017,E000092,S000183,S000184,rail_181,55.641982212487584
2017,E000093,S000185,S000186,rail_182,25.72956854608726
2017,E000094,S000187,S000188,rail_183,8.554973653001893
2017,E000095,S000189,S000190,rail_184,11.555811064830984
2017,E000096,S000191,S000192,rail_185,29.555940403266547
2017,E000097,S000193,S000194,rail_186,143.58039166144042
2017,E000098,S000195,S000196,rail_187,135.7593371765233
2017,E000099,S000197,S000198,rail_188,5.50510720421902
2017,E000100,S000199,S000200,rail_189,19.420608664057006
2017,E000101,S000201,S000202,rail_19,4.813428940229875
2017,E000102,S000203,S000204,rail_190,330.43310465865045
2017,E000103,S000205,S000206,rail_191,150.0152530248405
2017,E000104,S000207,S000208,rail_192,45.75225933827395
2017,E000105,S000209,S000210,rail_193,224.75210553072893
2017,E000106,S000211,S000212,rail_194,92.32713942511609
2017,E000107,S000213,S000214,rail_195,182.4958826922717
2017,E000108,S000215,S000216,rail_196,11.85786934307236
2017,E000109,S000217,S000218,rail_197,118.00713052928415
2017,E000110,S000219,S000220,rail_198,205.18718006920184
2017,E000111,S000221,S000222,rail_199,62.26746382301342
2017,E000112,S000223,S000224,rail_2,13.719012737492886
2017,E000113,S000225,S000226,rail_20,44.90324989494889
2017,E000114,S000227,S000228,rail_200,82.7611914236919
2017,E000115,S000229,S000230,rail_201,21.901846115490013
2017,E000116,S000231,S000232,rail_202,74.73159279599174
2017,E000117,S000233,S000234,rail_203,182.0066838857396
2017,E000118,S000235,S000236,rail_204,442.659073292524
2017,E000119,S000237,S000238,rail_205,99.92290522083782
2017,E000120,S000239,S000240,rail_206,111.59982208937588
2017,E000121,S000241,S000242,rail_207,79.13226471850511
2017,E000122,S000243,S000244,rail_208,228.5234409575408
2017,E000123,S000245,S000246,rail_209,93.03443037433824
2017,E000124,S000247,S000248,rail_21,61.63740861388624
2017,E000125,S000249,S000250,rail_210,143.76244322972127
2017,E000126,S000251,S000252,rail_211,35.05466801350276
2017,E000127,S000253,S000254,rail_212,45.66002465325647
2017,E000128,S000255,S000256,rail_213,202.36986777177265
2017,E000129,S000257,S000258,rail_214,118.58828833947008
2017,E000130,S000259,S000260,rail_215,128.83274501703536
2017,E000131,S000261,S000262,rail_216,153.14798621536943
2017,E000132,S000263,S000264,rail_217,234.12157280265333
2017,E000133,S000265,S000266,rail_218,33.60746485515813
2017,E000134,S000267,S000268,rail_219,41.48334662175664
2017,E000135,S000269,S000270,rail_22,115.97869196328388
2017,E000136,S000271,S000272,rail_220,13.321736280022618
2017,E000137,S000273,S000274,rail_221,60.068916999403214
2017,E000138,S000275,S000276,rail_222,289.28783454792483
2017,E000139,S000277,S000278,rail_223,16.353872997189246
2017,E000140,S000279,S000280,rail_224,18.854549288453978
2017,E000141,S000281,S000282,rail_225,85.65762298688591
2017,E000142,S000283,S000284,rail_226,228.07161771410512
2017,E000143,S000285,S000286,rail_227,56.10547090083054
2017,E000144,S000287,S000288,rail_228,30.29098147432963
2017,E000145,S000289,S000290,rail_229,7.561926227867565
2017,E000146,S000291,S000292,rail_23,110.5233137636504
2017,E000147,S000293,S000294,rail_230,15.922222314167596
2017,E000148,S000295,S000296,rail_231,18.04192818136661
2017,E000149,S000297,S000298,rail_232,0.7146047709026734
2017,E000150,S000299,S000300,rail_233,18.90756449241365
2017,E000151,S000301,S000302,rail_234,65.26620142660981
2017,E000152,S000303,S000304,rail_235,181.3469474523816
2017,E000153,S000305,S000306,rail_236,202.7684074017578
2017,E000154,S000307,S000308,rail_237,25.11816735533821
2017,E000155,S000309,S000310,rail_238,18.163129865782192
2017,E000156,S000311,S000312,rail_239,53.63069388356326
2017,E000157,S000313,S000314,rail_24,95.5445488444373
2017,E000158,S000315,S000316,rail_240,38.69410143263365
2017,E000159,S000317,S000318,rail_241,238.28283360154813
2017,E000160,S000319,S000320,rail_242,44.49899471631798
2017,E000161,S000321,S000322,rail_243,283.98279539097257
2017,E000162,S000323,S000324,rail_244,132.61820343006673
2017,E000163,S000325,S000326,rail_245,19.571879581399568
2017,E000164,S000327,S000328,rail_246,27.12330156956884
2017,E000165,S000329,S000330,rail_247,21.31098948665859
2017,E000166,S000331,S000332,rail_248,283.6508445492464
2017,E000167,S000333,S000334,rail_249,188.3318472006775
2017,E000168,S000335,S000336,rail_25,192.6815365002176
2017,E000169,S000337,S000338,rail_250,67.25512443767884
2017,E000170,S000339,S000340,rail_251,36.626750061132896
2017,E000171,S000341,S000342,rail_252,57.65969808569216
2017,E000172,S000343,S000344,rail_253,43.62531411480277
2017,E000173,S000345,S000346,rail_254,69.84166628789252
2017,E000174,S000347,S000348,rail_255,34.50736078522253
2017,E000175,S000349,S000350,rail_256,38.802127223305135
2017,E000176,S000351,S000352,rail_257,174.5782239029128
2017,E000177,S000353,S000354,rail_258,93.69459734310432
2017,E000178,S000355,S000356,rail_259,33.6789839278021
2017,E000179,S000357,S000358,rail_26,67.96220330844537
2017,E000180,S000359,S000360,rail_260,21.24236891621204
2017,E000181,S000361,S000362,rail_261,28.62075069643803
2017,E000182,S000363,S000364,rail_262,19.91422864965029
2017,E000183,S000365,S000366,rail_263,44.42105669559338
2017,E000184,S000367,S000368,rail_264,21.163982464435552
2017,E000185,S000369,S000370,rail_265,43.51704242457932
2017,E000186,S000371,S000372,rail_266,217.8016453467829
2017,E000187,S000373,S000374,rail_267,113.98862537790914
2017,E000188,S000375,S000376,rail_268,5.252840918572642
2017,E000189,S000377,S000378,rail_269,124.1769598966417
2017,E000190,S000379,S000380,rail_27,101.31872407465056
2017,E000191,S000381,S000382,rail_270,31.451222132021545
2017,E000192,S000383,S000384,rail_271,37.885314073523645
2017,E000193,S000385,S000386,rail_272,67.43983228224637
2017,E000194,S000387,S000388,rail_273,26.12595429291313
2017,E000195,S000389,S000390,rail_274,74.77349105272924
2017,E000196,S000391,S000392,rail_275,41.29745352886306
2017,E000197,S000393,S000394,rail_276,55.798735690861264
2017,E000198,S000395,S000396,rail_277,48.50525117956016
2017,E000199,S000397,S000398,rail_278,218.43715381239488
2017,E000200,S000399,S000400,rail_279,94.29633181735726
2017,E000201,S000401,S000402,rail_28,207.1725335203629
2017,E000202,S000403,S000404,rail_280,66.91528158412837
2017,E000203,S000405,S000406,rail_281,44.04019617155439
2017,E000204,S000407,S000408,rail_282,804.4174129263816
2017,E000205,S000409,S000410,rail_283,30.645908980105585
2017,E000206,S000411,S000412,rail_284,29.776507170768426
2017,E000207,S000413,S000414,rail_285,17.715709518023804
2017,E000208,S000415,S000416,rail_286,89.82116332479352
2017,E000209,S000417,S000418,rail_287,374.1735583102808
2017,E000210,S000419,S000420,rail_288,178.7523302002132
2017,E000211,S000421,S000422,rail_289,138.53426169636745
2017,E000212,S000423,S000424,rail_29,14.74614921062902
2017,E000213,S000425,S000426,rail_290,121.2034382445682
2017,E000214,S000427,S000428,rail_291,118.74575760072172
2017,E000215,S000429,S000430,rail_292,45.24304062527757
2017,E000216,S000431,S000432,rail_293,38.19102377748525
2017,E000217,S000433,S000434,rail_294,84.2604814535574
2017,E000218,S000435,S000436,rail_295,184.73022181578588
2017,E000219,S000437,S000438,rail_296,44.0323689617478
2017,E000220,S000439,S000440,rail_297,185.30522172828407
2017,E000221,S000441,S000442,rail_298,11.11030833394614
2017,E000222,S000443,S000444,rail_299,12.24946687794144
2017,E000223,S000445,S000446,rail_3,209.14047080122492
2017,E000224,S000447,S000448,rail_30,8.340937958021234
2017,E000225,S000449,S000450,rail_300,64.22019370654478
2017,E000226,S000451,S000452,rail_301,116.24427786574664
2017,E000227,S000453,S000454,rail_302,48.038586087817045
2017,E000228,S000455,S000456,rail_303,50.175477410611386
2017,E000229,S000457,S000458,rail_304,147.62557627109211
2017,E000230,S000459,S000460,rail_305,61.73732116504959
2017,E000231,S000461,S000462,rail_306,44.45967921632575
2017,E000232,S000463,S000464,rail_307,258.7320260269488
2017,E000233,S000465,S000466,rail_308,51.32546506685552
2017,E000234,S000467,S000468,rail_309,25.2241800569305
2017,E000235,S000469,S000470,rail_31,93.52834163145388
2017,E000236,S000471,S000472,rail_310,134.87297844517926
2017,E000237,S000473,S000474,rail_311,48.10229818703884
2017,E000238,S000475,S000476,rail_312,247.50074541846223
2017,E000239,S000477,S000478,rail_313,143.26854784482245
2017,E000240,S000479,S000480,rail_314,103.14052164941344
2017,E000241,S000481,S000482,rail_315,32.857826472656804
2017,E000242,S000483,S000484,rail_316,27.86266139957229
2017,E000243,S000485,S000486,rail_317,87.85461801858834
2017,E000244,S000487,S000488,rail_318,40.49664755020305
2017,E000245,S000489,S000490,rail_319,51.64462507631448
2017,E000246,S000491,S000492,rail_32,162.87701321503948
2017,E000247,S000493,S000494,rail_320,37.23965950406083
2017,E000248,S000495,S000496,rail_321,53.46501341865188
2017,E000249,S000497,S000498,rail_322,68.16698092058073
2017,E000250,S000499,S000500,rail_323,38.89274956251472
2017,E000251,S000501,S000502,rail_324,41.20792515798896
2017,E000252,S000503,S000504,rail_325,138.88207153795625
2017,E000253,S000505,S000506,rail_326,71.48923543752356
2017,E000254,S000507,S000508,rail_327,76.11101026429922
2017,E000255,S000509,S000510,rail_328,82.31634189292102
2017,E000256,S000511,S000512,rail_329,31.94622445973722
2017,E000257,S000513,S000514,rail_33,29.331258407151985
2017,E000258,S000515,S000516,rail_330,11.114862858413137
2017,E000259,S000517,S000518,rail_331,40.01593629359333
2017,E000260,S000519,S000520,rail_332,645.9771371009014
2017,E000261,S000521,S000522,rail_333,7.312733076331954
2017,E000262,S000523,S000524,rail_334,28.78151279092517
2017,E000263,S000525,S000526,rail_335,95.05006429701288
2017,E000264,S000527,S000528,rail_336,45.104954798959504
2017,E000265,S000529,S000530,rail_337,40.524440986234296
2017,E000266,S000531,S000532,rail_338,76.77707486417577
2017,E000267,S000533,S000534,rail_339,174.27911609260337
2017,E000268,S000535,S000536,rail_34,30.56074185336625
2017,E000269,S000537,S000538,rail_340,78.90096248564922
2017,E000270,S000539,S000540,rail_341,36.60601205758192
2017,E000271,S000541,S000542,rail_342,154.60419470364636
2017,E000272,S000543,S000544,rail_343,138.9089423054059
2017,E000273,S000545,S000546,rail_344,35.41769339383714
2017,E000274,S000547,S000548,rail_345,47.64001669801669
2017,E000275,S000549,S000550,rail_346,59.84690878248403
2017,E000276,S000551,S000552,rail_347,283.6429653866562
2017,E000277,S000553,S000554,rail_348,57.7022230735926
2017,E000278,S000555,S000556,rail_349,67.36846670993616
2017,E000279,S000557,S000558,rail_35,28.237046585599145
2017,E000280,S000559,S000560,rail_350,199.16430639314527
2017,E000281,S000561,S000562,rail_351,87.94116371637449
2017,E000282,S000563,S000564,rail_352,29.76925881235632
2017,E000283,S000565,S000566,rail_353,311.43983436171897
2017,E000284,S000567,S000568,rail_354,14.94031279038354
2017,E000285,S000569,S000570,rail_355,15.581775632128092
2017,E000286,S000571,S000572,rail_356,35.40688051932943
2017,E000287,S000573,S000574,rail_357,64.0165747279493
2017,E000288,S000575,S000576,rail_358,158.9632346864165
2017,E000289,S000577,S000578,rail_359,6.658821568321065
2017,E000290,S000579,S000580,rail_36,24.2689106742415
2017,E000291,S000581,S000582,rail_360,62.16188020213552
2017,E000292,S000583,S000584,rail_361,110.95659675635744
2017,E000293,S000585,S000586,rail_362,22.04787457126771
2017,E000294,S000587,S000588,rail_363,23.70864331421799
2017,E000295,S000589,S000590,rail_364,50.39876377402002
2017,E000296,S000591,S000592,rail_365,41.28501841489021
2017,E000297,S000593,S000594,rail_366,67.30503462557955
2017,E000298,S000595,S000596,rail_367,79.565227035731
2017,E000299,S000597,S000598,rail_368,22.31810613069158
2017,E000300,S000599,S000600,rail_369,136.0158705879169
2017,E000301,S000601,S000602,rail_37,152.3522779581886
2017,E000302,S000603,S000604,rail_370,30.04078212954768
2017,E000303,S000605,S000606,rail_371,35.58590955342508
2017,E000304,S000607,S000608,rail_372,133.65126347069662
2017,E000305,S000609,S000610,rail_373,22.163399596928908
2017,E000306,S000611,S000612,rail_374,29.66800237616689
2017,E000307,S000613,S000614,rail_375,24.90311256311968
2017,E000308,S000615,S000616,rail_376,18.11004386108925
2017,E000309,S000617,S000618,rail_377,57.901879030497085
2017,E000310,S000619,S000620,rail_378,284.3183758128654
2017,E000311,S000621,S000622,rail_379,84.71569747954085
2017,E000312,S000623,S000624,rail_38,94.27711001526414
2017,E000313,S000625,S000626,rail_380,188.97525500389008
2017,E000314,S000627,S000628,rail_381,118.35552409437273
2017,E000315,S000629,S000630,rail_382,54.43525663221119
2017,E000316,S000631,S000632,rail_383,112.86680939772351
2017,E000317,S000633,S000634,rail_384,443.6359401693597
2017,E000318,S000635,S000636,rail_385,4.686414052061479
2017,E000319,S000637,S000638,rail_386,299.3370976484294
2017,E000320,S000639,S000640,rail_387,219.07973337168443
2017,E000321,S000641,S000642,rail_388,10.223699464569522
2017,E000322,S000643,S000644,rail_389,87.74328936755666
2017,E000323,S000645,S000646,rail_39,69.80489894375282
2017,E000324,S000647,S000648,rail_390,61.92396027930345
2017,E000325,S000649,S000650,rail_391,51.334998194630025
2017,E000326,S000651,S000652,rail_392,150.63255721066162
2017,E000327,S000653,S000654,rail_393,36.11173881475154
2017,E000328,S000655,S000656,rail_394,66.81904716685732
2017,E000329,S000657,S000658,rail_395,593.5770757217458
2017,E000330,S000659,S000660,rail_396,145.9155107847338
2017,E000331,S000661,S000662,rail_397,139.49726989924324
2017,E000332,S000663,S000664,rail_398,15.062371373335292
2017,E000333,S000665,S000666,rail_399,288.36017819394755
2017,E000334,S000667,S000668,rail_4,27.88691088845736
2017,E000335,S000669,S000670,rail_40,32.66177812030002
2017,E000336,S000671,S000672,rail_400,2.6010535427811456
2017,E000337,S000673,S000674,rail_401,28.73678900394708
2017,E000338,S000675,S000676,rail_402,52.65930475596242
2017,E000339,S000677,S000678,rail_403,33.08536288354325
2017,E000340,S000679,S000680,rail_404,33.284408910091344
2017,E000341,S000681,S000682,rail_405,48.25719645224096
2017,E000342,S000683,S000684,rail_406,77.51159099113781
2017,E000343,S000685,S000686,rail_407,45.46938639892305
2017,E000344,S000687,S000688,rail_408,180.3457305297952
2017,E000345,S000689,S000690,rail_409,134.97342751685773
2017,E000346,S000691,S000692,rail_41,121.27419842600004
2017,E000347,S000693,S000694,rail_410,49.29109894701555
2017,E000348,S000695,S000696,rail_411,58.003563873653206
2017,E000349,S000697,S000698,rail_412,282.7368813842416
2017,E000350,S000699,S000700,rail_413,27.057603573087352
2017,E000351,S000701,S000702,rail_414,54.5876688623599
2017,E000352,S000703,S000704,rail_415,247.110322737758
2017,E000353,S000705,S000706,rail_416,293.57433853595853
2017,E000354,S000707,S000708,rail_417,93.65007352024692
2017,E000355,S000709,S000710,rail_418,25.187048161025366
2017,E000356,S000711,S000712,rail_419,32.28529434086198
2017,E000357,S000713,S000714,rail_42,81.4350438770271
2017,E000358,S000715,S000716,rail_420,374.6062263716628
2017,E000359,S000717,S000718,rail_421,144.82643051138018
2017,E000360,S000719,S000720,rail_422,20.821392454267816
2017,E000361,S000721,S000722,rail_423,127.6584586885921
2017,E000362,S000723,S000724,rail_424,122.88110376481411
2017,E000363,S000725,S000726,rail_425,34.68497244161205
2017,E000364,S000727,S000728,rail_426,25.17442311137361
2017,E000365,S000729,S000730,rail_427,20.825514471013264
2017,E000366,S000731,S000732,rail_428,153.67413474827524
2017,E000367,S000733,S000734,rail_429,92.04608755296636
2017,E000368,S000735,S000736,rail_43,31.79068091954013
2017,E000369,S000737,S000738,rail_430,128.08363061599346
2017,E000370,S000739,S000740,rail_431,58.75926106681202
2017,E000371,S000741,S000742,rail_432,232.80570419744413
2017,E000372,S000743,S000744,rail_433,76.57977881902868
2017,E000373,S000745,S000746,rail_434,77.6637232081199
2017,E000374,S000747,S000748,rail_435,185.0243587475023
2017,E000375,S000749,S000750,rail_436,75.57403723291381
2017,E000376,S000751,S000752,rail_437,55.087816308332016
2017,E000377,S000753,S000754,rail_438,92.9899882377508
2017,E000378,S000755,S000756,rail_439,137.0066502678467
2017,E000379,S000757,S000758,rail_44,21.971931554068377
2017,E000380,S000759,S000760,rail_440,13.22764781398123
2017,E000381,S000761,S000762,rail_441,140.466383983129
2017,E000382,S000763,S000764,rail_442,169.452676023708
2017,E000383,S000765,S000766,rail_443,2.2697250790379315
2017,E000384,S000767,S000768,rail_444,69.09823470343338
2017,E000385,S000769,S000770,rail_445,419.33907735271055
2017,E000386,S000771,S000772,rail_446,30.91319088372876
2017,E000387,S000773,S000774,rail_447,39.70977173240343
2017,E000388,S000775,S000776,rail_448,45.92937105186835
2017,E000389,S000777,S000778,rail_449,26.24000986351813
2017,E000390,S000779,S000780,rail_45,98.578847861438
2017,E000391,S000781,S000782,rail_450,305.0611275160003
2017,E000392,S000783,S000784,rail_451,51.87020375740899
2017,E000393,S000785,S000786,rail_452,74.50323116775549
2017,E000394,S000787,S000788,rail_453,81.60801799438114
2017,E000395,S000789,S000790,rail_454,193.31472331778392
2017,E000396,S000791,S000792,rail_455,10.594785329278183
2017,E000397,S000793,S000794,rail_456,147.93411110137325
2017,E000398,S000795,S000796,rail_457,56.982127621837776
2017,E000399,S000797,S000798,rail_458,3.2501773731474017
2017,E000400,S000799,S000800,rail_459,75.68228046049438
2017,E000401,S000801,S000802,rail_46,354.9276197359006
2017,E000402,S000803,S000804,rail_460,60.59550412537183
2017,E000403,S000805,S000806,rail_461,12.616891739095957
2017,E000404,S000807,S000808,rail_462,85.90302086275567
2017,E000405,S000809,S000810,rail_463,16.5769698575173
2017,E000406,S000811,S000812,rail_464,19.763873578621126
2017,E000407,S000813,S000814,rail_465,64.2323758183907
2017,E000408,S000815,S000816,rail_466,44.033826999946285
2017,E000409,S000817,S000818,rail_467,15.336076257410369
2017,E000410,S000819,S000820,rail_468,122.46642525630696
2017,E000411,S000821,S000822,rail_469,131.62713177801382
2017,E000412,S000823,S000824,rail_47,23.350740732114865
2017,E000413,S000825,S000826,rail_470,97.59618418876626
2017,E000414,S000827,S000828,rail_471,49.63071205656242
2017,E000415,S000829,S000830,rail_472,23.43536154853535
2017,E000416,S000831,S000832,rail_473,396.0584414649792
2017,E000417,S000833,S000834,rail_474,149.09713103287373
2017,E000418,S000835,S000836,rail_475,182.0205605186489
2017,E000419,S000837,S000838,rail_476,14.023756492995323
2017,E000420,S000839,S000840,rail_477,48.48919603552923
2017,E000421,S000841,S000842,rail_478,13.491809187006544
2017,E000422,S000843,S000844,rail_479,23.856057026457577
2017,E000423,S000845,S000846,rail_48,9.346828319813604
2017,E000424,S000847,S000848,rail_480,30.74149579613176
2017,E000425,S000849,S000850,rail_481,21.6178080245542
2017,E000426,S000851,S000852,rail_482,16.807788986983873
2017,E000427,S000853,S000854,rail_483,20.67787717585535
2017,E000428,S000855,S000856,rail_484,26.773066835295843
2017,E000429,S000857,S000858,rail_485,32.8635669384083
2017,E000430,S000859,S000860,rail_486,33.87129417440376
2017,E000431,S000861,S000862,rail_487,91.67782182148927
2017,E000432,S000863,S000864,rail_488,86.34256420944972
2017,E000433,S000865,S000866,rail_489,75.46606570114727
2017,E000434,S000867,S000868,rail_49,43.93502364734563
2017,E000435,S000869,S000870,rail_490,48.07513367093088
2017,E000436,S000871,S000872,rail_491,82.4105658419695
2017,E000437,S000873,S000874,rail_492,9.780314355736742
2017,E000438,S000875,S000876,rail_493,153.91673217125296
2017,E000439,S000877,S000878,rail_494,116.71392943555064
2017,E000440,S000879,S000880,rail_495,64.64137877337431
2017,E000441,S000881,S000882,rail_496,67.68435577631946
2017,E000442,S000883,S000884,rail_497,19.793168882149963
2017,E000443,S000885,S000886,rail_498,202.6609341109872
2017,E000444,S000887,S000888,rail_499,162.74310488786554
2017,E000445,S000889,S000890,rail_5,11.20408786533131
2017,E000446,S000891,S000892,rail_50,47.28385693795103
2017,E000447,S000893,S000894,rail_500,36.67239370977956
2017,E000448,S000895,S000896,rail_501,30.4869177085428
2017,E000449,S000897,S000898,rail_502,107.35752366200694
2017,E000450,S000899,S000900,rail_503,137.00877622058383
2017,E000451,S000901,S000902,rail_504,214.6765293448535
2017,E000452,S000903,S000904,rail_505,26.949220415581035
2017,E000453,S000905,S000906,rail_506,87.65848904074906
2017,E000454,S000907,S000908,rail_507,4.64377241573944
2017,E000455,S000909,S000910,rail_508,29.0552266302389
2017,E000456,S000911,S000912,rail_509,103.2185583347799
2017,E000457,S000913,S000914,rail_51,90.2516800706889
2017,E000458,S000915,S000916,rail_510,38.50687210410469
2017,E000459,S000917,S000918,rail_511,62.674018465354976
2017,E000460,S000919,S000920,rail_512,84.61687674788864
2017,E000461,S000921,S000922,rail_513,773.4657586821594
2017,E000462,S000923,S000924,rail_514,51.21068663624647
2017,E000463,S000925,S000926,rail_515,49.195075679742494
2017,E000464,S000927,S000928,rail_516,33.52619835271684
2017,E000465,S000929,S000930,rail_517,46.18330217876443
2017,E000466,S000931,S000932,rail_518,108.98019369037858
2017,E000467,S000933,S000934,rail_519,87.06646587111219
2017,E000468,S000935,S000936,rail_52,36.554681467060405
2017,E000469,S000937,S000938,rail_520,212.7149148907091
2017,E000470,S000939,S000940,rail_521,175.35344934413655
2017,E000471,S000941,S000942,rail_522,238.63525733050616
2017,E000472,S000943,S000944,rail_523,51.686486336815
2017,E000473,S000945,S000946,rail_524,57.05580235583975
2017,E000474,S000947,S000948,rail_525,119.0339775348776
2017,E000475,S000949,S000950,rail_526,34.776495438035234
2017,E000476,S000951,S000952,rail_527,111.07660675672614
2017,E000477,S000953,S000954,rail_528,10.102603350833611
2017,E000478,S000955,S000956,rail_529,82.97960399058147
2017,E000479,S000957,S000958,rail_53,27.396017919070427
2017,E000480,S000959,S000960,rail_530,268.8341063773447
2017,E000481,S000961,S000962,rail_531,27.10025161295249
2017,E000482,S000963,S000964,rail_532,13.193774761356655
2017,E000483,S000965,S000966,rail_533,20.46450795126729
2017,E000484,S000967,S000968,rail_534,141.58142302654628
2017,E000485,S000969,S000970,rail_535,166.99992179374684
2017,E000486,S000971,S000972,rail_536,205.0515822308456
2017,E000487,S000973,S000974,rail_537,89.83626533327565
2017,E000488,S000975,S000976,rail_538,886.4661912474585
2017,E000489,S000977,S000978,rail_539,77.46576266037559
2017,E000490,S000979,S000980,rail_54,154.58585466646878
2017,E000491,S000981,S000982,rail_540,128.51829032263896
2017,E000492,S000983,S000984,rail_541,56.4956510508865
2017,E000493,S000985,S000986,rail_542,59.72899232121858
2017,E000494,S000987,S000988,rail_543,51.12279918156714
2017,E000495,S000989,S000990,rail_544,86.99847494188772
2017,E000496,S000991,S000992,rail_545,37.04466651267702
2017,E000497,S000993,S000994,rail_546,18.137861808854623
2017,E000498,S000995,S000996,rail_547,122.59450422374344
2017,E000499,S000997,S000998,rail_548,117.25433476513416
2017,E000500,S000999,S001000,rail_549,65.50701677423415
2017,E000501,S001001,S001002,rail_55,133.66465790516497
2017,E000502,S001003,S001004,rail_550,102.98396828441524
2017,E000503,S001005,S001006,rail_551,189.6114745550277
2017,E000504,S001007,S001008,rail_552,40.95827482343147
2017,E000505,S001009,S001010,rail_553,87.58444600122843
2017,E000506,S001011,S001012,rail_554,44.3021195595913
2017,E000507,S001013,S001014,rail_555,198.01227273886008
2017,E000508,S001015,S001016,rail_556,83.73412079777353
2017,E000509,S001017,S001018,rail_557,91.394301321776
2017,E000510,S001019,S001020,rail_558,62.42091119824106
2017,E000511,S001021,S001022,rail_559,73.59981650991652
2017,E000512,S001023,S001024,rail_56,53.2449363057342
2017,E000513,S001025,S001026,rail_560,51.12561783352987
2017,E000514,S001027,S001028,rail_561,299.98554778388217
2017,E000515,S001029,S001030,rail_562,97.660515837694
2017,E000516,S001031,S001032,rail_563,91.67391979322788
2017,E000517,S001033,S001034,rail_564,83.46460669773937
2017,E000518,S001035,S001036,rail_565,142.2685774782209
2017,E000519,S001037,S001038,rail_566,57.753423481740015
2017,E000520,S001039,S001040,rail_567,36.83024679251283
2017,E000521,S001041,S001042,rail_568,318.85245376059765
2017,E000522,S001043,S001044,rail_569,142.97992072106769
2017,E000523,S001045,S001046,rail_57,45.50215306491983
2017,E000524,S001047,S001048,rail_570,286.8445254227633
2017,E000525,S001049,S001050,rail_571,53.74836228530473
2017,E000526,S001051,S001052,rail_572,122.20719782483172
2017,E000527,S001053,S001054,rail_573,41.15087749378262
2017,E000528,S001055,S001056,rail_574,20.76231333915513
2017,E000529,S001057,S001058,rail_575,48.69063640065091
2017,E000530,S001059,S001060,rail_576,145.08113862795497
2017,E000531,S001061,S001062,rail_577,149.72114637975932
2017,E000532,S001063,S001064,rail_578,70.93424623209226
2017,E000533,S001065,S001066,rail_579,49.50268865508304
2017,E000534,S001067,S001068,rail_58,40.10416972202273
2017,E000535,S001069,S001070,rail_580,185.9421833123677
2017,E000536,S001071,S001072,rail_581,30.65010920429692
2017,E000537,S001073,S001074,rail_582,59.97476852284991
2017,E000538,S001075,S001076,rail_583,136.29213508656184
2017,E000539,S001077,S001078,rail_584,171.12389257805376
2017,E000540,S001079,S001080,rail_585,151.70132560638413
2017,E000541,S001081,S001082,rail_586,51.87775394833013
2017,E000542,S001083,S001084,rail_587,218.4966986117068
2017,E000543,S001085,S001086,rail_588,788.1344825081728
2017,E000544,S001087,S001088,rail_589,82.96486734157368
2017,E000545,S001089,S001090,rail_59,88.4898787127832
2017,E000546,S001091,S001092,rail_590,311.355448141921
2017,E000547,S001093,S001094,rail_591,5.16698273739592
2017,E000548,S001095,S001096,rail_592,85.7342418711412
2017,E000549,S001097,S001098,rail_593,403.7363796108855
2017,E000550,S001099,S001100,rail_594,53.96249056453632
2017,E000551,S001101,S001102,rail_595,50.39980829855944
2017,E000552,S001103,S001104,rail_596,48.94563578640689
2017,E000553,S001105,S001106,rail_597,119.07615479420078
2017,E000554,S001107,S001108,rail_598,13.349949457912857
2017,E000555,S001109,S001110,rail_599,270.309841640332
2017,E000556,S001111,S001112,rail_6,27.83011162103736
2017,E000557,S001113,S001114,rail_60,37.00621044451111
2017,E000558,S001115,S001116,rail_600,7.034134496803375
2017,E000559,S001117,S001118,rail_601,65.8162541080224
2017,E000560,S001119,S001120,rail_602,36.38800334250456
2017,E000561,S001121,S001122,rail_603,123.64385764590187
2017,E000562,S001123,S001124,rail_604,167.20857703443545
2017,E000563,S001125,S001126,rail_605,260.46928718384214
2017,E000564,S001127,S001128,rail_606,205.6804585447941
2017,E000565,S001129,S001130,rail_607,173.45945087717908
2017,E000566,S001131,S001132,rail_608,22.26182019271879
2017,E000567,S001133,S001134,rail_609,72.7151011985728
2017,E000568,S001135,S001136,rail_61,178.79117322631805
2017,E000569,S001137,S001138,rail_610,142.72357551976805
2017,E000570,S001139,S001140,rail_611,76.85439930985135
2017,E000571,S001141,S001142,rail_612,397.2575720471224
2017,E000572,S001143,S001144,rail_613,50.95651773253119
2017,E000573,S001145,S001146,rail_614,498.2384731481394
2017,E000574,S001147,S001148,rail_615,219.0681925729284
2017,E000575,S001149,S001150,rail_616,84.96723293344215
2017,E000576,S001151,S001152,rail_617,53.209176657107385
2017,E000577,S001153,S001154,rail_618,158.76639932763507
2017,E000578,S001155,S001156,rail_619,86.70482597250201
2017,E000579,S001157,S001158,rail_62,116.29859314670932
2017,E000580,S001159,S001160,rail_620,128.7528390526589
2017,E000581,S001161,S001162,rail_621,212.1644548065514
2017,E000582,S001163,S001164,rail_622,51.02855870944014
2017,E000583,S001165,S001166,rail_623,102.3402228151
2017,E000584,S001167,S001168,rail_624,579.6148604234917
2017,E000585,S001169,S001170,rail_625,56.59709854562549
2017,E000586,S001171,S001172,rail_626,414.7937438367983
2017,E000587,S001173,S001174,rail_627,176.78926216845207
2017,E000588,S001175,S001176,rail_628,40.78167099306522
2017,E000589,S001177,S001178,rail_629,107.51194503642743
2017,E000590,S001179,S001180,rail_63,9.093224202558256
2017,E000591,S001181,S001182,rail_630,284.97492612083937
2017,E000592,S001183,S001184,rail_631,31.685972131112106
2017,E000593,S001185,S001186,rail_632,76.43205667007595
2017,E000594,S001187,S001188,rail_633,140.83887620543197
2017,E000595,S001189,S001190,rail_634,170.158670019424
2017,E000596,S001191,S001192,rail_635,198.8722659519812
2017,E000597,S001193,S001194,rail_636,87.1507477956237
2017,E000598,S001195,S001196,rail_637,199.14266287099588
2017,E000599,S001197,S001198,rail_638,443.1017544583397
2017,E000600,S001199,S001200,rail_639,6.188625438682571
2017,E000601,S001201,S001202,rail_64,92.64048346599746
2017,E000602,S001203,S001204,rail_640,69.20199398027393
2017,E000603,S001205,S001206,rail_641,123.1020068548955
2017,E000604,S001207,S001208,rail_642,343.30592001952954
2017,E000605,S001209,S001210,rail_643,122.87384476965852
2017,E000606,S001211,S001212,rail_644,292.3359201682125
2017,E000607,S001213,S001214,rail_645,105.34713517522655
2017,E000608,S001215,S001216,rail_646,53.37366306410176
2017,E000609,S001217,S001218,rail_647,91.76439714945728
2017,E000610,S001219,S001220,rail_648,43.07464789607411
2017,E000611,S001221,S001222,rail_649,121.56336811981834
2017,E000612,S001223,S001224,rail_65,66.12941955336372
2017,E000613,S001225,S001226,rail_650,248.17786821637097
2017,E000614,S001227,S001228,rail_651,10.126238774134826
2017,E000615,S001229,S001230,rail_652,57.39908675230009
2017,E000616,S001231,S001232,rail_653,341.2931392153239
2017,E000617,S001233,S001234,rail_654,410.4378704432291
2017,E000618,S001235,S001236,rail_655,224.38185223083144
2017,E000619,S001237,S001238,rail_656,136.2288983153311
2017,E000620,S001239,S001240,rail_657,64.31659884654879
2017,E000621,S001241,S001242,rail_658,276.3698185378097
2017,E000622,S001243,S001244,rail_659,432.4867520272066
2017,E000623,S001245,S001246,rail_66,35.256213191343136
2017,E000624,S001247,S001248,rail_660,295.7922564692967
2017,E000625,S001249,S001250,rail_661,145.0959258924787
2017,E000626,S001251,S001252,rail_662,94.8778616934718
2017,E000627,S001253,S001254,rail_663,8.433736756652477
2017,E000628,S001255,S001256,rail_664,91.83774804743624
2017,E000629,S001257,S001258,rail_665,415.4617890938419
2017,E000630,S001259,S001260,rail_666,234.01358543679044
2017,E000631,S001261,S001262,rail_667,231.59389234405603
2017,E000632,S001263,S001264,rail_668,161.44902519792487
2017,E000633,S001265,S001266,rail_669,114.41246114533728
2017,E000634,S001267,S001268,rail_67,131.79178178754944
2017,E000635,S001269,S001270,rail_670,217.91125449154129
2017,E000636,S001271,S001272,rail_671,59.48201432999068
2017,E000637,S001273,S001274,rail_672,144.90885478480334
2017,E000638,S001275,S001276,rail_673,291.37953652659854
2017,E000639,S001277,S001278,rail_674,78.90935988859495
2017,E000640,S001279,S001280,rail_675,1634.4313639450463
2017,E000641,S001281,S001282,rail_676,81.17927641786848
2017,E000642,S001283,S001284,rail_677,87.08676806347582
2017,E000643,S001285,S001286,rail_678,342.907113036097
2017,E000644,S001287,S001288,rail_679,64.21331031049597
2017,E000645,S001289,S001290,rail_68,114.42309397537012
2017,E000646,S001291,S001292,rail_680,429.4659052622983
2017,E000647,S001293,S001294,rail_681,165.56050409949074
2017,E000648,S001295,S001296,rail_682,58.46413270434919
2017,E000649,S001297,S001298,rail_683,133.20445031228607
2017,E000650,S001299,S001300,rail_684,143.61704272998267
2017,E000651,S001301,S001302,rail_685,212.3265527116222
2017,E000652,S001303,S001304,rail_686,287.2977908246815
2017,E000653,S001305,S001306,rail_687,16.337562615956372
2017,E000654,S001307,S001308,rail_688,150.6169779087114
2017,E000655,S001309,S001310,rail_689,73.5403614093447
2017,E000656,S001311,S001312,rail_69,114.30237991412164
2017,E000657,S001313,S001314,rail_690,114.45728137457756
2017,E000658,S001315,S001316,rail_691,110.29334180577344
2017,E000659,S001317,S001318,rail_692,136.6653287688534
2017,E000660,S001319,S001320,rail_693,114.81497763585982
2017,E000661,S001321,S001322,rail_694,86.52607540166392
2017,E000662,S001323,S001324,rail_695,66.53731437173623
2017,E000663,S001325,S001326,rail_696,82.95369731423024
2017,E000664,S001327,S001328,rail_697,679.7230840241037
2017,E000665,S001329,S001330,rail_698,162.8902944937055
2017,E000666,S001331,S001332,rail_699,140.59678749069403
2017,E000667,S001333,S001334,rail_7,95.08855796384616
2017,E000668,S001335,S001336,rail_70,95.69124153296964
2017,E000669,S001337,S001338,rail_700,110.69497586325588
2017,E000670,S001339,S001340,rail_701,116.96180478458471
2017,E000671,S001341,S001342,rail_702,312.05812397013466
2017,E000672,S001343,S001344,rail_703,113.55256390753264
2017,E000673,S001345,S001346,rail_704,335.76573027999166
2017,E000674,S001347,S001348,rail_705,336.518209773277
2017,E000675,S001349,S001350,rail_706,293.1050889447354
2017,E000676,S001351,S001352,rail_707,93.19640308512362
2017,E000677,S001353,S001354,rail_708,584.5032288598997
2017,E000678,S001355,S001356,rail_709,36.918674378842006
2017,E000679,S001357,S001358,rail_71,53.17246066911985
2017,E000680,S001359,S001360,rail_710,267.9430088352138
2017,E000681,S001361,S001362,rail_711,107.8225901664768
2017,E000682,S001363,S001364,rail_712,128.92635895682656
2017,E000683,S001365,S001366,rail_713,102.16137449892192
2017,E000684,S001367,S001368,rail_714,53.0698210942487
2017,E000685,S001369,S001370,rail_715,226.1787507741517
2017,E000686,S001371,S001372,rail_716,45.64661825762828
2017,E000687,S001373,S001374,rail_717,30.93162025329268
2017,E000688,S001375,S001376,rail_718,27.051941097829907
2017,E000689,S001377,S001378,rail_719,37.60333573164334
2017,E000690,S001379,S001380,rail_72,114.6653311392075
2017,E000691,S001381,S001382,rail_720,44.724538522555946
2017,E000692,S001383,S001384,rail_721,183.95718839949
2017,E000693,S001385,S001386,rail_722,57.35965616446524
2017,E000694,S001387,S001388,rail_723,256.6189255565095
2017,E000695,S001389,S001390,rail_724,20.567941882726625
2017,E000696,S001391,S001392,rail_725,60.322090901094064
2017,E000697,S001393,S001394,rail_726,185.88529950843244
2017,E000698,S001395,S001396,rail_727,280.28734027262345
2017,E000699,S001397,S001398,rail_728,590.5247540214069
2017,E000700,S001399,S001400,rail_729,1073.1989306450353
2017,E000701,S001401,S001402,rail_73,38.03080593922404
2017,E000702,S001403,S001404,rail_730,475.44706118147207
2017,E000703,S001405,S001406,rail_731,346.1277093107892
2017,E000704,S001407,S001408,rail_732,233.92533877423267
2017,E000705,S001409,S001410,rail_733,494.8916329705901
2017,E000706,S001411,S001412,rail_734,184.50757900774605
2017,E000707,S001413,S001414,rail_735,281.959609185561
2017,E000708,S001415,S001416,rail_736,588.8939131723109
2017,E000709,S001417,S001418,rail_737,301.08945070846784
2017,E000710,S001419,S001420,rail_738,2.5405201142204787
2017,E000711,S001421,S001422,rail_739,259.284250178425
2017,E000712,S001423,S001424,rail_74,24.25371527809106
2017,E000713,S001425,S001426,rail_740,162.93247109983994
2017,E000714,S001427,S001428,rail_741,72.96970911703974
2017,E000715,S001429,S001430,rail_742,129.79527368680198
2017,E000716,S001431,S001432,rail_743,619.5816196568472
2017,E000717,S001433,S001434,rail_744,312.17522403390177
2017,E000718,S001435,S001436,rail_75,50.29168188562305
2017,E000719,S001437,S001438,rail_76,35.510517506000475
2017,E000720,S001439,S001440,rail_77,162.26000999545244
2017,E000721,S001441,S001442,rail_78,26.89590573723861
2017,E000722,S001443,S001444,rail_79,152.70467513457734
2017,E000723,S001445,S001446,rail_8,15.007121510493812
2017,E000724,S001447,S001448,rail_80,109.44097009434316
2017,E000725,S001449,S001450,rail_81,5.416556691350857
2017,E000726,S001451,S001452,rail_82,8.308015637656139
2017,E000727,S001453,S001454,rail_83,28.46803913653172
2017,E000728,S001455,S001456,rail_84,261.431600048761
2017,E000729,S001457,S001458,rail_85,185.9337592234133
2017,E000730,S001459,S001460,rail_86,8.5997211724152
2017,E000731,S001461,S001462,rail_87,4.147139267175831
2017,E000732,S001463,S001464,rail_88,51.45313731869752
2017,E000733,S001465,S001466,rail_89,7.679818268665058
2017,E000734,S001467,S001468,rail_9,236.4467065411073
2017,E000735,S001469,S001470,rail_90,32.0102437383945
2017,E000736,S001471,S001472,rail_91,101.55489563751156
2017,E000737,S001473,S001474,rail_92,44.08139252195598
2017,E000738,S001475,S001476,rail_93,62.03493541065098
2017,E000739,S001477,S001478,rail_94,27.825683857987027
2017,E000740,S001479,S001480,rail_95,87.61260878899718
2017,E000741,S001481,S001482,rail_96,136.4987610815597
2017,E000742,S001483,S001484,rail_97,124.15157139398652
2017,E000743,S001485,S001486,rail_98,38.68818197273813
2017,E000744,S001487,S001488,rail_99,159.48402232901273
