year,station_id,longitude,latitude,city_id,city_name_chn,city_name_eng,province_code,province_name
2017,S000001,117.212,39.1238,2.0,天津市,Tianjin,HENAN,河南省
2017,S000002,117.6914,38.8928,,,,SHANXI,山西省
2017,S000003,129.2872,44.5873,,,,HEILONGJIANG,黑龙江省
2017,S000004,129.6071,44.5801,64.0,牡丹江市,Mudanjiang,HEILONGJIANG,黑龙江省
2017,S000005,125.6588,42.5473,,,,JILIN,吉林省
2017,S000006,125.6947,42.5662,,,,JILIN,吉林省
2017,S000007,125.709,42.5738,,,,JILIN,吉林省
2017,S000008,126.1715,42.764,,,,JIANGXI,江西省
2017,S000009,126.0825,43.2951,,,,JILIN,吉林省
2017,S000010,126.5525,43.8721,49.0,吉林市,Jilin,JILIN,吉林省
2017,S000011,121.7883,39.0993,,,,LIAONING,辽宁省
2017,S000012,122.9718,39.7042,,,,LIAONING,辽宁省
2017,S000013,130.3219,47.3857,58.0,鹤岗市,Hegang,HEILONGJIANG,黑龙江省
2017,S000014,130.5827,47.4523,,,,HEILONGJIANG,黑龙江省
2017,S000015,122.8928,45.5753,54.0,白城市,Baicheng,JILIN,吉林省
2017,S000016,123.2235,44.3878,,,,JILIN,吉林省
2017,S000017,123.2226,44.3832,,,,JILIN,吉林省
2017,S000018,123.2441,44.326,,,,JILIN,吉林省
2017,S000019,123.2505,44.3254,,,,JILIN,吉林省
2017,S000020,123.599,43.6572,,,,JILIN,吉林省
2017,S000021,122.9225,45.6281,54.0,白城市,Baicheng,JILIN,吉林省
2017,S000022,123.9445,47.1126,,,,HEILONGJIANG,黑龙江省
2017,S000023,123.4864,43.5395,,,,JILIN,吉林省
2017,S000024,124.3698,43.1567,50.0,四平市,Siping,LIAONING,辽宁省
2017,S000025,129.6147,44.5837,64.0,牡丹江市,Mudanjiang,HEILONGJIANG,黑龙江省
2017,S000026,130.5473,44.6874,,,,HEILONGJIANG,黑龙江省
2017,S000027,118.8188,32.0134,67.0,南京市,Nanjing,SHANDONG,山东省
2017,S000028,121.4936,31.1937,66.0,上海市,Shanghai,SHANDONG,山东省
2017,S000029,113.0986,25.2284,,,,SHAANXI,陕西省
2017,S000030,113.2845,25.2138,,,,GUANGDONG,广东省
2017,S000031,126.5633,48.1829,,,,HEILONGJIANG,黑龙江省
2017,S000032,127.11,46.674,,,,HEILONGJIANG,黑龙江省
2017,S000033,126.7023,46.0374,,,,HEILONGJIANG,黑龙江省
2017,S000034,127.1701,46.513,,,,HEILONGJIANG,黑龙江省
2017,S000035,126.5391,48.2795,,,,HEILONGJIANG,黑龙江省
2017,S000036,127.4061,49.5312,,,,HEILONGJIANG,黑龙江省
2017,S000037,129.4466,42.7639,,,,JILIN,吉林省
2017,S000038,129.7359,42.6993,,,,JILIN,吉林省
2017,S000039,123.7179,47.2598,56.0,齐齐哈尔市,Qiqihar,HEILONGJIANG,黑龙江省
2017,S000040,124.0831,47.3551,56.0,齐齐哈尔市,Qiqihar,HEILONGJIANG,黑龙江省
2017,S000041,123.8773,47.1795,56.0,齐齐哈尔市,Qiqihar,HEILONGJIANG,黑龙江省
2017,S000042,124.085,47.3317,56.0,齐齐哈尔市,Qiqihar,HEILONGJIANG,黑龙江省
2017,S000043,124.0907,47.359,56.0,齐齐哈尔市,Qiqihar,HEILONGJIANG,黑龙江省
2017,S000044,124.5777,47.8519,,,,HEILONGJIANG,黑龙江省
2017,S000045,124.5844,47.8512,,,,HEILONGJIANG,黑龙江省
2017,S000046,126.5577,48.1882,,,,HEILONGJIANG,黑龙江省
2017,S000047,130.5536,44.6865,,,,HEILONGJIANG,黑龙江省
2017,S000048,131.1384,44.4639,,,,HEILONGJIANG,黑龙江省
2017,S000049,126.9651,44.3961,,,,JILIN,吉林省
2017,S000050,127.4026,43.8794,,,,JIANGXI,江西省
2017,S000051,126.7185,45.724,55.0,哈尔滨市,Harbin,HEILONGJIANG,黑龙江省
2017,S000052,127.265,44.6559,,,,YUNNAN,云南省
2017,S000053,127.3896,43.8532,,,,JIANGXI,江西省
2017,S000054,129.3973,42.8636,,,,JILIN,吉林省
2017,S000055,119.0832,42.2695,28.0,赤峰市,Chifeng,GUANGDONG,广东省
2017,S000056,119.6493,41.3604,,,,LIAONING,辽宁省
2017,S000057,124.3761,43.1561,50.0,四平市,Siping,HUNAN,湖南省
2017,S000058,125.7018,42.57,,,,JILIN,吉林省
2017,S000059,112.7632,38.3867,22.0,忻州市,Xinzhou,SHANXI,山西省
2017,S000060,113.125,38.5459,,,,JIANGSU,江苏省
2017,S000061,117.2298,32.419,,,,ANHUI,安徽省
2017,S000062,118.2763,31.3603,92.0,芜湖市,Wuhu,ANHUI,安徽省
2017,S000063,122.901,45.5838,54.0,白城市,Baicheng,JILIN,吉林省
2017,S000064,124.2595,45.482,,,,JILIN,吉林省
2017,S000065,124.2586,45.4774,,,,JILIN,吉林省
2017,S000066,125.3569,43.9028,48.0,长春市,Changchun,JILIN,吉林省
2017,S000067,130.2826,45.2862,,,,HEILONGJIANG,黑龙江省
2017,S000068,130.8482,45.3298,57.0,鸡西市,Jixi,HEILONGJIANG,黑龙江省
2017,S000069,121.2657,38.8264,,,,SHAANXI,陕西省
2017,S000070,121.7824,39.0998,,,,LIAONING,辽宁省
2017,S000071,131.0034,45.2927,57.0,鸡西市,Jixi,ANHUI,安徽省
2017,S000072,133.0428,45.8141,,,,HEILONGJIANG,黑龙江省
2017,S000073,120.8253,41.81,,,,LIAONING,辽宁省
2017,S000074,120.8179,41.7193,,,,LIAONING,辽宁省
2017,S000075,119.6548,41.3554,,,,LIAONING,辽宁省
2017,S000076,120.8117,41.7198,,,,LIAONING,辽宁省
2017,S000077,117.9795,40.7457,,,,HEBEI,河北省
2017,S000078,119.0145,40.9353,,,,HEBEI,河北省
2017,S000079,119.0157,40.9443,,,,HEBEI,河北省
2017,S000080,119.6481,41.3514,,,,LIAONING,辽宁省
2017,S000081,120.824,41.7188,,,,LIAONING,辽宁省
2017,S000082,121.2408,41.5163,,,,LIAONING,辽宁省
2017,S000083,121.2401,41.5117,,,,LIAONING,辽宁省
2017,S000084,121.2769,41.1529,40.0,锦州市,Jinzhou,LIAONING,辽宁省
2017,S000085,129.2642,44.0605,,,,CHONGQING,重庆市
2017,S000086,129.8066,42.9952,,,,JILIN,吉林省
2017,S000087,130.5332,46.7819,62.0,佳木斯市,Jiamusi,JIANGXI,江西省
2017,S000088,130.6412,45.8329,,,,CHONGQING,重庆市
2017,S000089,130.2904,45.4018,,,,HEILONGJIANG,黑龙江省
2017,S000090,130.6362,45.4873,,,,HUNAN,湖南省
2017,S000091,122.0325,39.5282,,,,LIAONING,辽宁省
2017,S000092,122.6524,40.7754,,,,GANSU,甘肃省
2017,S000093,129.6427,44.6356,64.0,牡丹江市,Mudanjiang,HEILONGJIANG,黑龙江省
2017,S000094,130.2685,45.2835,,,,HEILONGJIANG,黑龙江省
2017,S000095,121.2469,41.5157,,,,LIAONING,辽宁省
2017,S000096,122.248,42.0279,,,,LIAONING,辽宁省
2017,S000097,112.7949,37.6492,20.0,晋中市,Jinzhong,SICHUAN,四川省
2017,S000098,113.6923,37.7805,16.0,阳泉市,Yangquan,SHANXI,山西省
2017,S000099,113.6928,37.7896,16.0,阳泉市,Yangquan,SHANXI,山西省
2017,S000100,114.512,38.0306,3.0,石家庄市,Shijiazhuang,HEBEI,河北省
2017,S000101,126.605,43.8751,49.0,吉林市,Jilin,JILIN,吉林省
2017,S000102,126.7501,43.7791,,,,GUIZHOU,贵州省
2017,S000103,125.662,42.5331,,,,JILIN,吉林省
2017,S000104,126.1437,41.7827,52.0,通化市,Tonghua,JILIN,吉林省
2017,S000105,126.1499,41.782,52.0,通化市,Tonghua,JILIN,吉林省
2017,S000106,126.3458,41.3495,,,,JILIN,吉林省
2017,S000107,128.967,42.5997,,,,SHANDONG,山东省
2017,S000108,129.4392,42.7603,,,,JILIN,吉林省
2017,S000109,123.8105,41.2882,38.0,本溪市,Benxi,LIAONING,辽宁省
2017,S000110,124.3586,41.2312,,,,LIAONING,辽宁省
2017,S000111,122.2881,42.0426,,,,LIAONING,辽宁省
2017,S000112,123.0682,41.9886,,,,LIAONING,辽宁省
2017,S000113,121.7755,39.1323,,,,LIAONING,辽宁省
2017,S000114,122.0341,39.4643,,,,LIAONING,辽宁省
2017,S000115,126.1529,41.7954,52.0,通化市,Tonghua,JILIN,吉林省
2017,S000116,126.5459,41.9459,53.0,白山市,Baishan,JILIN,吉林省
2017,S000117,126.552,41.9452,53.0,白山市,Baishan,JILIN,吉林省
2017,S000118,126.9001,41.8195,,,,JILIN,吉林省
2017,S000119,126.5275,44.1755,,,,JILIN,吉林省
2017,S000120,126.9524,44.3976,,,,JILIN,吉林省
2017,S000121,117.2361,32.4277,,,,ANHUI,安徽省
2017,S000122,117.405,32.7718,93.0,蚌埠市,Bengbu,ANHUI,安徽省
2017,S000123,119.8306,47.2685,,,,NEIMENGGU,内蒙古自治区
2017,S000124,122.8936,45.5799,54.0,白城市,Baicheng,JILIN,吉林省
2017,S000125,114.5347,38.0163,3.0,石家庄市,Shijiazhuang,HEBEI,河北省
2017,S000126,116.2675,37.4421,140.0,德州市,Dezhou,SHANDONG,山东省
2017,S000127,115.718,37.6847,13.0,衡水市,Hengshui,HEBEI,河北省
2017,S000128,115.792,37.6543,13.0,衡水市,Hengshui,HEBEI,河北省
2017,S000129,127.1177,46.6778,,,,HEILONGJIANG,黑龙江省
2017,S000130,129.3366,47.1547,,,,HEILONGJIANG,黑龙江省
2017,S000131,129.3419,47.1493,,,,HEILONGJIANG,黑龙江省
2017,S000132,130.2816,46.9164,62.0,佳木斯市,Jiamusi,GUANGDONG,广东省
2017,S000133,130.2867,46.911,62.0,佳木斯市,Jiamusi,GUANGDONG,广东省
2017,S000134,130.5359,46.7909,62.0,佳木斯市,Jiamusi,JIANGXI,江西省
2017,S000135,122.6539,40.7844,,,,GANSU,甘肃省
2017,S000136,123.1617,41.2385,43.0,辽阳市,Liaoyang,LIAONING,辽宁省
2017,S000137,121.1391,48.047,,,,NEIMENGGU,内蒙古自治区
2017,S000138,121.9687,48.7136,,,,NEIMENGGU,内蒙古自治区
2017,S000139,108.7768,34.3023,253.0,咸阳市,Xianyang,SHAANXI,陕西省
2017,S000140,109.2844,34.6363,,,,SICHUAN,四川省
2017,S000141,109.0457,34.802,251.0,铜川市,Tongchuan,SHAANXI,陕西省
2017,S000142,109.0772,35.0057,251.0,铜川市,Tongchuan,SHAANXI,陕西省
2017,S000143,109.0458,34.793,251.0,铜川市,Tongchuan,SHAANXI,陕西省
2017,S000144,109.2787,34.6408,,,,SICHUAN,四川省
2017,S000145,128.9094,44.5273,,,,HEILONGJIANG,黑龙江省
2017,S000146,129.2783,44.5792,,,,HEILONGJIANG,黑龙江省
2017,S000147,123.6864,41.191,38.0,本溪市,Benxi,LIAONING,辽宁省
2017,S000148,123.8096,41.2837,38.0,本溪市,Benxi,LIAONING,辽宁省
2017,S000149,123.1678,41.2379,43.0,辽阳市,Liaoyang,LIAONING,辽宁省
2017,S000150,123.6855,41.1865,38.0,本溪市,Benxi,LIAONING,辽宁省
2017,S000151,126.0153,44.8547,,,,JILIN,吉林省
2017,S000152,126.5825,44.84,,,,JILIN,吉林省
2017,S000153,126.1684,42.7506,,,,JIANGXI,江西省
2017,S000154,126.3179,42.5441,,,,JILIN,吉林省
2017,S000155,115.0942,40.5406,,,,HEBEI,河北省
2017,S000156,115.4959,40.6109,,,,HEBEI,河北省
2017,S000157,124.3798,43.1741,50.0,四平市,Siping,LIAONING,辽宁省
2017,S000158,125.3602,43.8886,48.0,长春市,Changchun,JILIN,吉林省
2017,S000159,128.8288,47.8936,,,,HEILONGJIANG,黑龙江省
2017,S000160,129.3379,47.1592,,,,HEILONGJIANG,黑龙江省
2017,S000161,131.179,46.7583,59.0,双鸭山市,Shuangyashan,GUANGXI,广西壮族自治区
2017,S000162,131.8215,46.5769,,,,HEILONGJIANG,黑龙江省
2017,S000163,131.7444,46.7582,,,,HEILONGJIANG,黑龙江省
2017,S000164,131.8229,46.5814,,,,HEILONGJIANG,黑龙江省
2017,S000165,130.5345,46.7864,62.0,佳木斯市,Jiamusi,JIANGXI,江西省
2017,S000166,131.1725,46.7593,59.0,双鸭山市,Shuangyashan,GUANGXI,广西壮族自治区
2017,S000167,124.0693,40.4197,,,,LIAONING,辽宁省
2017,S000168,124.8493,40.4773,,,,LIAONING,辽宁省
2017,S000169,110.163,34.462,,,,SHAANXI,陕西省
2017,S000170,111.3604,35.431,,,,SHANXI,山西省
2017,S000171,111.3438,35.4583,,,,SHANXI,山西省
2017,S000172,111.3858,35.5799,,,,SHANXI,山西省
2017,S000173,111.3863,35.6025,,,,SHANXI,山西省
2017,S000174,111.4325,35.6336,,,,SHANXI,山西省
2017,S000175,111.4273,35.6653,,,,SHANXI,山西省
2017,S000176,112.7797,37.5546,20.0,晋中市,Jinzhong,SHANXI,山西省
2017,S000177,112.324,38.9197,,,,SHANXI,山西省
2017,S000178,113.2256,39.9188,15.0,大同市,Datong,GANSU,甘肃省
2017,S000179,123.4185,41.6845,34.0,沈阳市,Shenyang,LIAONING,辽宁省
2017,S000180,123.4403,41.7007,34.0,沈阳市,Shenyang,LIAONING,辽宁省
2017,S000181,112.3237,38.9106,,,,SHANXI,山西省
2017,S000182,112.6919,38.7092,,,,SHANXI,山西省
2017,S000183,112.566,37.8121,14.0,太原市,Taiyuan,JIANGXI,江西省
2017,S000184,112.7655,38.2872,22.0,忻州市,Xinzhou,SHANXI,山西省
2017,S000185,112.5656,37.7986,14.0,太原市,Taiyuan,GANSU,甘肃省
2017,S000186,112.7891,37.6493,20.0,晋中市,Jinzhong,SICHUAN,四川省
2017,S000187,112.7769,37.636,20.0,晋中市,Jinzhong,SICHUAN,四川省
2017,S000188,112.7799,37.5591,20.0,晋中市,Jinzhong,SHANXI,山西省
2017,S000189,113.2101,39.9781,15.0,大同市,Datong,GANSU,甘肃省
2017,S000190,113.2806,40.0669,15.0,大同市,Datong,SHANXI,山西省
2017,S000191,113.0813,25.753,182.0,郴州市,Chenzhou,HUNAN,湖南省
2017,S000192,113.3058,25.9257,,,,HUNAN,湖南省
2017,S000193,104.1498,30.5761,222.0,成都市,Chengdu,SICHUAN,四川省
2017,S000194,104.9716,29.4985,230.0,内江市,Neijiang,HUNAN,湖南省
2017,S000195,104.9724,29.4849,230.0,内江市,Neijiang,HUNAN,湖南省
2017,S000196,106.3614,29.3225,,,,CHONGQING,重庆市
2017,S000197,106.3667,29.3226,,,,CHONGQING,重庆市
2017,S000198,106.4187,29.3425,,,,CHONGQING,重庆市
2017,S000199,106.4238,29.3472,,,,CHONGQING,重庆市
2017,S000200,106.5286,29.4961,,,,HUBEI,湖北省
2017,S000201,123.4348,41.7378,34.0,沈阳市,Shenyang,HUNAN,湖南省
2017,S000202,123.4608,41.7765,34.0,沈阳市,Shenyang,HUNAN,湖南省
2017,S000203,104.096,35.9295,,,,GANSU,甘肃省
2017,S000204,107.1326,34.2979,252.0,宝鸡市,Baoji,SHAANXI,陕西省
2017,S000205,107.1382,34.2981,252.0,宝鸡市,Baoji,SHAANXI,陕西省
2017,S000206,108.7713,34.2978,253.0,咸阳市,Xianyang,SHAANXI,陕西省
2017,S000207,108.7713,34.2932,253.0,咸阳市,Xianyang,SHAANXI,陕西省
2017,S000208,109.2645,34.3514,,,,JIANGXI,江西省
2017,S000209,110.1686,34.4529,,,,SHAANXI,陕西省
2017,S000210,112.6099,34.6609,146.0,洛阳市,Luoyang,HENAN,河南省
2017,S000211,112.627,34.6651,146.0,洛阳市,Luoyang,HENAN,河南省
2017,S000212,113.6338,34.7303,144.0,郑州市,Zhengzhou,HENAN,河南省
2017,S000213,113.7265,34.6598,144.0,郑州市,Zhengzhou,HUBEI,湖北省
2017,S000214,115.6857,34.3641,157.0,商丘市,Shangqiu,HENAN,河南省
2017,S000215,115.6969,34.3636,157.0,商丘市,Shangqiu,HENAN,河南省
2017,S000216,115.8179,34.3263,,,,HENAN,河南省
2017,S000217,115.8239,34.3305,,,,HENAN,河南省
2017,S000218,117.1043,34.2458,69.0,徐州市,Xuzhou,JIANGSU,江苏省
2017,S000219,117.2756,34.2132,69.0,徐州市,Xuzhou,JIANGSU,江苏省
2017,S000220,119.4525,34.6386,,,,SICHUAN,四川省
2017,S000221,115.8202,34.2809,,,,HENAN,河南省
2017,S000222,116.4864,34.1799,,,,HENAN,河南省
2017,S000223,117.5704,38.995,,,,SHANXI,山西省
2017,S000224,117.7222,38.959,,,,SHANXI,山西省
2017,S000225,123.1625,41.243,43.0,辽阳市,Liaoyang,LIAONING,辽宁省
2017,S000226,123.4209,41.5973,,,,HUBEI,湖北省
2017,S000227,109.2701,34.3514,,,,JIANGXI,江西省
2017,S000228,110.163,34.4574,,,,SHAANXI,陕西省
2017,S000229,116.1989,39.9002,1.0,北京市,Beijing,ZHEJIANG,浙江省
2017,S000230,116.4492,39.8566,1.0,北京市,Beijing,JIANGXI,江西省
2017,S000231,115.4591,40.2814,,,,HEBEI,河北省
2017,S000232,116.1872,39.9053,,,,ZHEJIANG,浙江省
2017,S000233,106.6904,21.9149,,,,HUBEI,湖北省
2017,S000234,108.2509,22.6861,205.0,南宁市,Nanning,GUANGXI,广西壮族自治区
2017,S000235,109.2923,24.2612,206.0,柳州市,Liuzhou,GUANGXI,广西壮族自治区
2017,S000236,112.6525,26.842,176.0,衡阳市,Hengyang,HUNAN,湖南省
2017,S000237,108.2558,22.6862,205.0,南宁市,Nanning,GUANGXI,广西壮族自治区
2017,S000238,109.1191,23.1046,,,,GUANGXI,广西壮族自治区
2017,S000239,109.1187,23.137,,,,GUANGXI,广西壮族自治区
2017,S000240,109.3232,24.123,206.0,柳州市,Liuzhou,GUANGXI,广西壮族自治区
2017,S000241,111.9141,43.6242,,,,NEIMENGGU,内蒙古自治区
2017,S000242,112.4851,43.0463,,,,NEIMENGGU,内蒙古自治区
2017,S000243,112.4787,43.0419,,,,NEIMENGGU,内蒙古自治区
2017,S000244,113.308,41.0811,33.0,乌兰察布市,Ulanchabu,NEIMENGGU,内蒙古自治区
2017,S000245,113.0708,33.7546,147.0,平顶山市,Pingdingshan,HENAN,河南省
2017,S000246,114.0411,33.5365,154.0,漯河市,Luohe,HENAN,河南省
2017,S000247,124.0279,42.6591,,,,LIAONING,辽宁省
2017,S000248,124.3752,43.1516,50.0,四平市,Siping,HUNAN,湖南省
2017,S000249,120.2215,36.327,,,,SHANDONG,山东省
2017,S000250,121.3119,37.2806,,,,SHANDONG,山东省
2017,S000251,108.5964,34.0336,,,,ANHUI,安徽省
2017,S000252,108.8843,34.24,250.0,西安市,XiAn,SICHUAN,四川省
2017,S000253,110.2178,21.5342,,,,GUANGDONG,广东省
2017,S000254,110.3132,21.1333,193.0,湛江市,Zhanjiang,GUANGDONG,广东省
2017,S000255,109.124,23.1047,,,,GUANGXI,广西壮族自治区
2017,S000256,110.2519,21.6133,,,,GUANGDONG,广东省
2017,S000257,112.6578,26.8465,176.0,衡阳市,Hengyang,HUNAN,湖南省
2017,S000258,113.2415,27.7784,174.0,株洲市,Zhuzhou,HUNAN,湖南省
2017,S000259,112.6575,26.8373,176.0,衡阳市,Hengyang,HUNAN,湖南省
2017,S000260,113.0707,25.7395,182.0,郴州市,Chenzhou,HUNAN,湖南省
2017,S000261,113.0594,25.7031,182.0,郴州市,Chenzhou,HUNAN,湖南省
2017,S000262,113.6358,24.4286,,,,GUANGDONG,广东省
2017,S000263,112.962,28.2519,173.0,长沙市,Changsha,JIANGXI,江西省
2017,S000264,114.4051,29.9381,171.0,咸宁市,Xianning,HUBEI,湖北省
2017,S000265,113.7091,34.6512,144.0,郑州市,Zhengzhou,HUBEI,湖北省
2017,S000266,113.8192,34.3629,,,,HENAN,河南省
2017,S000267,113.5962,34.8943,144.0,郑州市,Zhengzhou,ANHUI,安徽省
2017,S000268,113.86,35.1985,150.0,新乡市,Xinxiang,JIANGSU,江苏省
2017,S000269,125.3609,43.9208,48.0,长春市,Changchun,JILIN,吉林省
2017,S000270,126.0089,44.8554,,,,JILIN,吉林省
2017,S000271,114.0409,33.532,154.0,漯河市,Luohe,HENAN,河南省
2017,S000272,114.0964,33.4215,154.0,漯河市,Luohe,HENAN,河南省
2017,S000273,113.7759,34.0429,153.0,许昌市,Xuchang,HENAN,河南省
2017,S000274,114.0532,33.5543,154.0,漯河市,Luohe,HENAN,河南省
2017,S000275,114.0655,33.2504,,,,HENAN,河南省
2017,S000276,114.379,30.6624,161.0,武汉市,Wuhan,FUJIAN,福建省
2017,S000277,114.411,36.4061,,,,HEBEI,河北省
2017,S000278,114.5273,36.5196,6.0,邯郸市,Handan,SICHUAN,四川省
2017,S000279,114.3807,36.077,148.0,安阳市,Anyang,HENAN,河南省
2017,S000280,114.4247,36.2428,148.0,安阳市,Anyang,HENAN,河南省
2017,S000281,113.8605,35.2075,150.0,新乡市,Xinxiang,JIANGSU,江苏省
2017,S000282,114.3627,35.8605,149.0,鹤壁市,Hebi,HENAN,河南省
2017,S000283,114.5122,38.0351,3.0,石家庄市,Shijiazhuang,HEBEI,河北省
2017,S000284,116.1529,39.6395,,,,GUANGDONG,广东省
2017,S000285,114.4916,37.8866,3.0,石家庄市,Shijiazhuang,SHANDONG,山东省
2017,S000286,114.6261,37.3934,,,,HEBEI,河北省
2017,S000287,114.5088,36.7961,6.0,邯郸市,Handan,HEBEI,河北省
2017,S000288,114.5275,36.5241,6.0,邯郸市,Handan,SICHUAN,四川省
2017,S000289,114.2804,30.5205,161.0,武汉市,Wuhan,HEBEI,河北省
2017,S000290,114.3314,30.4686,161.0,武汉市,Wuhan,JIANGXI,江西省
2017,S000291,126.0025,44.8839,,,,JILIN,吉林省
2017,S000292,126.7283,45.7368,55.0,哈尔滨市,Harbin,HEILONGJIANG,黑龙江省
2017,S000293,116.1548,39.662,,,,GUANGDONG,广东省
2017,S000294,116.2612,39.7795,,,,SICHUAN,四川省
2017,S000295,116.2857,39.7828,1.0,北京市,Beijing,SICHUAN,四川省
2017,S000296,116.468,39.8648,1.0,北京市,Beijing,JIANGXI,江西省
2017,S000297,113.0706,25.735,182.0,郴州市,Chenzhou,HUNAN,湖南省
2017,S000298,113.0758,25.7394,182.0,郴州市,Chenzhou,HUNAN,湖南省
2017,S000299,114.1561,35.8539,149.0,鹤壁市,Hebi,HENAN,河南省
2017,S000300,114.3637,35.8786,149.0,鹤壁市,Hebi,HENAN,河南省
2017,S000301,119.216,29.4203,,,,ZHEJIANG,浙江省
2017,S000302,119.748,29.0611,86.0,金华市,Jinhua,ZHEJIANG,浙江省
2017,S000303,117.4025,25.967,,,,FUJIAN,福建省
2017,S000304,117.9563,24.415,108.0,厦门市,Xiamen,JILIN,吉林省
2017,S000305,116.9817,28.1184,121.0,鹰潭市,Yingtan,JIANGXI,江西省
2017,S000306,118.0798,26.5776,,,,FUJIAN,福建省
2017,S000307,115.3074,39.0282,,,,HEBEI,河北省
2017,S000308,115.4606,38.8363,8.0,保定市,Baoding,HEBEI,河北省
2017,S000309,130.6462,45.8275,,,,CHONGQING,重庆市
2017,S000310,130.8806,45.8259,63.0,七台河市,Qitaihe,HUNAN,湖南省
2017,S000311,104.0161,37.1115,,,,SICHUAN,四川省
2017,S000312,104.4708,37.4304,,,,NINGXIA,宁夏回族自治区
2017,S000313,123.4614,41.813,34.0,沈阳市,Shenyang,HUNAN,湖南省
2017,S000314,124.0278,42.5628,,,,HEBEI,河北省
2017,S000315,103.9036,36.1874,,,,GANSU,甘肃省
2017,S000316,104.1225,36.4874,263.0,白银市,Baiyin,GANSU,甘肃省
2017,S000317,104.4767,37.4307,,,,NINGXIA,宁夏回族自治区
2017,S000318,106.4484,38.9105,274.0,石嘴山市,Shizuishan,NINGXIA,宁夏回族自治区
2017,S000319,106.4478,38.924,274.0,石嘴山市,Shizuishan,NINGXIA,宁夏回族自治区
2017,S000320,106.6762,39.2828,,,,NINGXIA,宁夏回族自治区
2017,S000321,106.6716,39.3868,,,,NINGXIA,宁夏回族自治区
2017,S000322,109.6529,40.5275,,,,NEIMENGGU,内蒙古自治区
2017,S000323,109.6529,40.5321,26.0,包头市,Baotou,NEIMENGGU,内蒙古自治区
2017,S000324,109.9319,41.7061,,,,NEIMENGGU,内蒙古自治区
2017,S000325,109.7864,40.6682,26.0,包头市,Baotou,NEIMENGGU,内蒙古自治区
2017,S000326,109.9817,40.5733,26.0,包头市,Baotou,NEIMENGGU,内蒙古自治区
2017,S000327,109.9817,40.5687,26.0,包头市,Baotou,NEIMENGGU,内蒙古自治区
2017,S000328,110.2867,40.6454,,,,NEIMENGGU,内蒙古自治区
2017,S000329,104.1296,30.6342,222.0,成都市,Chengdu,SICHUAN,四川省
2017,S000330,104.2029,30.8152,,,,SICHUAN,四川省
2017,S000331,104.2076,30.8246,,,,SICHUAN,四川省
2017,S000332,105.9578,32.8978,,,,SHAANXI,陕西省
2017,S000333,105.9573,32.9069,,,,SHAANXI,陕西省
2017,S000334,107.1329,34.2889,252.0,宝鸡市,Baoji,SHAANXI,陕西省
2017,S000335,117.3244,49.604,,,,NEIMENGGU,内蒙古自治区
2017,S000336,119.9217,49.22,31.0,呼伦贝尔市,Hulunbeir,HEILONGJIANG,黑龙江省
2017,S000337,105.7993,32.4437,228.0,广元市,Guangyuan,SICHUAN,四川省
2017,S000338,106.4622,32.2155,,,,SICHUAN,四川省
2017,S000339,114.0949,36.7557,,,,HEBEI,河北省
2017,S000340,114.503,36.7963,6.0,邯郸市,Handan,HEBEI,河北省
2017,S000341,110.2615,21.6086,,,,GUANGDONG,广东省
2017,S000342,110.8182,21.5778,194.0,茂名市,Maoming,GUANGDONG,广东省
2017,S000343,112.1515,34.3893,,,,HENAN,河南省
2017,S000344,112.5732,34.5712,146.0,洛阳市,Luoyang,JIANGXI,江西省
2017,S000345,116.9258,24.8182,,,,FUJIAN,福建省
2017,S000346,117.443,25.2364,,,,ANHUI,安徽省
2017,S000347,114.6968,30.0133,,,,HUBEI,湖北省
2017,S000348,114.862,30.2888,166.0,鄂州市,Ezhou,JIANGXI,江西省
2017,S000349,115.1458,28.0329,,,,JIANGXI,江西省
2017,S000350,115.5089,28.1714,,,,JIANGXI,江西省
2017,S000351,101.7113,36.5306,272.0,西宁市,Xining,QINGHAI,青海省
2017,S000352,103.5252,35.9605,,,,YUNNAN,云南省
2017,S000353,104.6036,28.7066,234.0,宜宾市,Yibin,SICHUAN,四川省
2017,S000354,104.9616,29.489,230.0,内江市,Neijiang,HUNAN,湖南省
2017,S000355,120.7213,41.1569,,,,LIAONING,辽宁省
2017,S000356,121.0846,41.0274,40.0,锦州市,Jinzhou,GUIZHOU,贵州省
2017,S000357,119.9293,49.2242,31.0,呼伦贝尔市,Hulunbeir,HEILONGJIANG,黑龙江省
2017,S000358,120.8617,49.2805,,,,NEIMENGGU,内蒙古自治区
2017,S000359,113.907,36.1376,,,,CHONGQING,重庆市
2017,S000360,114.1432,36.1482,,,,HENAN,河南省
2017,S000361,114.1251,36.2393,,,,HENAN,河南省
2017,S000362,114.3812,36.086,148.0,安阳市,Anyang,HENAN,河南省
2017,S000363,115.5143,28.1757,,,,JIANGXI,江西省
2017,S000364,115.7061,28.2349,,,,JIANGXI,江西省
2017,S000365,113.3513,34.4578,,,,HENAN,河南省
2017,S000366,113.8188,34.3538,,,,HENAN,河南省
2017,S000367,123.6889,42.4456,,,,LIAONING,辽宁省
2017,S000368,123.8492,42.2966,45.0,铁岭市,Tieling,LIAONING,辽宁省
2017,S000369,123.3343,42.7418,,,,LIAONING,辽宁省
2017,S000370,123.6827,42.4462,,,,LIAONING,辽宁省
2017,S000371,107.3378,26.4844,,,,GUIZHOU,贵州省
2017,S000372,108.0929,24.6479,216.0,河池市,Hechi,GUANGXI,广西壮族自治区
2017,S000373,108.098,24.6433,216.0,河池市,Hechi,GUANGXI,广西壮族自治区
2017,S000374,109.172,24.3341,,,,GUANGXI,广西壮族自治区
2017,S000375,116.6615,40.3315,,,,HUNAN,湖南省
2017,S000376,116.6756,40.2855,,,,HUNAN,湖南省
2017,S000377,116.6545,40.2548,,,,JIANGSU,江苏省
2017,S000378,117.9734,40.7461,,,,HEBEI,河北省
2017,S000379,120.8685,49.28,,,,NEIMENGGU,内蒙古自治区
2017,S000380,121.9627,48.7188,,,,NEIMENGGU,内蒙古自治区
2017,S000381,116.6185,40.125,,,,JIANGSU,江苏省
2017,S000382,116.7334,39.8562,,,,SHANXI,山西省
2017,S000383,114.0751,38.2349,,,,HEBEI,河北省
2017,S000384,114.4363,38.0468,3.0,石家庄市,Shijiazhuang,JIANGXI,江西省
2017,S000385,111.4878,27.1473,177.0,邵阳市,Shaoyang,HUNAN,湖南省
2017,S000386,112.0469,27.4953,,,,HUNAN,湖南省
2017,S000387,109.5749,24.567,,,,GUANGXI,广西壮族自治区
2017,S000388,109.6757,24.3507,,,,GUANGXI,广西壮族自治区
2017,S000389,124.0349,42.5667,,,,HEBEI,河北省
2017,S000390,124.9232,42.7257,,,,JILIN,吉林省
2017,S000391,104.1499,31.4127,,,,SHAANXI,陕西省
2017,S000392,104.3776,31.0964,226.0,德阳市,Deyang,ZHEJIANG,浙江省
2017,S000393,103.6379,30.95,,,,SHAANXI,陕西省
2017,S000394,104.2026,30.8198,,,,SICHUAN,四川省
2017,S000395,116.5251,36.216,,,,SHANDONG,山东省
2017,S000396,117.0654,36.2008,135.0,泰安市,Taian,SHANDONG,山东省
2017,S000397,99.0096,39.3137,,,,GANSU,甘肃省
2017,S000398,100.2591,41.0306,,,,GANSU,甘肃省
2017,S000399,100.2573,41.0441,,,,GANSU,甘肃省
2017,S000400,100.5381,41.8656,,,,GANSU,甘肃省
2017,S000401,121.9755,48.7131,,,,NEIMENGGU,内蒙古自治区
2017,S000402,123.7103,47.2559,56.0,齐齐哈尔市,Qiqihar,HEILONGJIANG,黑龙江省
2017,S000403,117.1169,35.822,,,,SHANDONG,山东省
2017,S000404,117.824,36.0069,,,,SHANDONG,山东省
2017,S000405,124.1537,41.0742,,,,LIAONING,辽宁省
2017,S000406,124.5857,40.8496,,,,LIAONING,辽宁省
2017,S000407,88.9088,43.0917,,,,XINJIANG,新疆维吾尔自治区
2017,S000408,97.5544,39.8594,,,,SICHUAN,四川省
2017,S000409,97.5492,39.8543,,,,SICHUAN,四川省
2017,S000410,97.8776,39.7434,,,,SICHUAN,四川省
2017,S000411,97.5604,39.86,,,,SICHUAN,四川省
2017,S000412,97.8769,39.7478,,,,SICHUAN,四川省
2017,S000413,97.8844,39.7394,,,,SICHUAN,四川省
2017,S000414,98.0762,39.6793,,,,SICHUAN,四川省
2017,S000415,98.0769,39.6748,,,,SICHUAN,四川省
2017,S000416,99.0103,39.3092,,,,GANSU,甘肃省
2017,S000417,99.0169,39.3052,,,,GANSU,甘肃省
2017,S000418,102.831,37.7486,,,,GANSU,甘肃省
2017,S000419,102.8322,37.178,,,,GANSU,甘肃省
2017,S000420,104.085,35.9244,,,,GANSU,甘肃省
2017,S000421,87.4445,43.7407,278.0,乌鲁木齐市,Urumqi,HUBEI,湖北省
2017,S000422,88.904,43.0863,,,,XINJIANG,新疆维吾尔自治区
2017,S000423,123.7094,47.2513,,,,HEILONGJIANG,黑龙江省
2017,S000424,123.8697,47.1756,56.0,齐齐哈尔市,Qiqihar,HEILONGJIANG,黑龙江省
2017,S000425,121.306,51.1903,,,,NEIMENGGU,内蒙古自治区
2017,S000426,122.2193,52.1215,,,,NEIMENGGU,内蒙古自治区
2017,S000427,120.8632,49.2897,,,,NEIMENGGU,内蒙古自治区
2017,S000428,121.845,50.1485,,,,NEIMENGGU,内蒙古自治区
2017,S000429,114.5607,38.7392,,,,GUANGXI,广西壮族自治区
2017,S000430,114.9918,38.5109,,,,HEBEI,河北省
2017,S000431,111.3661,35.431,,,,SHANXI,山西省
2017,S000432,111.6974,35.2191,,,,SHANXI,山西省
2017,S000433,105.7663,39.687,,,,NEIMENGGU,内蒙古自治区
2017,S000434,106.6658,39.3821,,,,NINGXIA,宁夏回族自治区
2017,S000435,121.5533,50.6518,,,,NEIMENGGU,内蒙古自治区
2017,S000436,124.1504,50.4578,,,,NEIMENGGU,内蒙古自治区
2017,S000437,97.9364,39.2748,,,,SICHUAN,四川省
2017,S000438,98.0739,39.6563,,,,SICHUAN,四川省
2017,S000439,106.4189,29.3379,,,,CHONGQING,重庆市
2017,S000440,106.9878,27.7481,241.0,遵义市,Zunyi,GUIZHOU,贵州省
2017,S000441,106.6352,26.4104,,,,JIANGSU,江苏省
2017,S000442,106.7434,26.3861,,,,JIANGSU,江苏省
2017,S000443,106.7036,26.495,240.0,贵阳市,Guiyang,JIANGSU,江苏省
2017,S000444,106.7432,26.3907,,,,JIANGSU,江苏省
2017,S000445,117.1573,39.2401,2.0,天津市,Tianjin,GANSU,甘肃省
2017,S000446,119.4728,39.8307,5.0,秦皇岛市,Qinhuangdao,SHANDONG,山东省
2017,S000447,123.8754,47.1704,56.0,齐齐哈尔市,Qiqihar,HEILONGJIANG,黑龙江省
2017,S000448,123.9521,47.1165,,,,HEILONGJIANG,黑龙江省
2017,S000449,117.1518,39.245,2.0,天津市,Tianjin,GANSU,甘肃省
2017,S000450,117.4569,39.7724,,,,GUANGXI,广西壮族自治区
2017,S000451,102.333,23.7184,,,,XINJIANG,新疆维吾尔自治区
2017,S000452,103.423,23.4107,,,,YUNNAN,云南省
2017,S000453,103.0518,26.0838,,,,YUNNAN,云南省
2017,S000454,103.2648,25.6966,,,,YUNNAN,云南省
2017,S000455,115.9081,27.6024,,,,JIANGXI,江西省
2017,S000456,116.2682,27.9219,125.0,抚州市,Fuzhou3,JIANGXI,江西省
2017,S000457,102.8368,37.749,,,,GANSU,甘肃省
2017,S000458,104.4647,37.4347,,,,SICHUAN,四川省
2017,S000459,120.7456,51.3068,,,,NEIMENGGU,内蒙古自治区
2017,S000460,121.4289,50.9541,,,,NEIMENGGU,内蒙古自治区
2017,S000461,111.5846,32.4517,,,,HUBEI,湖北省
2017,S000462,111.8181,32.104,,,,HUBEI,湖北省
2017,S000463,112.1983,32.0297,165.0,襄樊市,Xiangfan,HUBEI,湖北省
2017,S000464,114.2753,30.5252,161.0,武汉市,Wuhan,HEBEI,河北省
2017,S000465,116.7961,33.8641,96.0,淮北市,Huaibei,ANHUI,安徽省
2017,S000466,117.1099,34.2455,69.0,徐州市,Xuzhou,JIANGSU,江苏省
2017,S000467,116.8113,33.8452,96.0,淮北市,Huaibei,ANHUI,安徽省
2017,S000468,117.0537,33.7409,102.0,宿州市,Suzhou4,ANHUI,安徽省
2017,S000469,123.9587,47.1159,,,,HEILONGJIANG,黑龙江省
2017,S000470,124.9581,46.6253,60.0,大庆市,Daqing,HEILONGJIANG,黑龙江省
2017,S000471,102.7699,24.9139,242.0,昆明市,Kunming,YUNNAN,云南省
2017,S000472,103.842,25.6429,,,,YUNNAN,云南省
2017,S000473,103.8363,25.6518,,,,YUNNAN,云南省
2017,S000474,104.2089,25.9249,,,,HEILONGJIANG,黑龙江省
2017,S000475,104.1785,26.0796,,,,YUNNAN,云南省
2017,S000476,106.6361,26.3875,,,,JIANGSU,江苏省
2017,S000477,123.2307,44.3917,,,,JILIN,吉林省
2017,S000478,124.2603,45.4541,,,,JILIN,吉林省
2017,S000479,122.3828,43.6374,29.0,通辽市,Tongliao,HUBEI,湖北省
2017,S000480,123.2386,44.3311,,,,JILIN,吉林省
2017,S000481,113.5311,27.628,,,,YUNNAN,云南省
2017,S000482,113.6668,27.898,,,,JIANGXI,江西省
2017,S000483,113.585,28.1793,,,,JIANGSU,江苏省
2017,S000484,113.8255,28.3131,,,,HUBEI,湖北省
2017,S000485,129.8341,43.251,,,,JILIN,吉林省
2017,S000486,130.9031,43.3903,,,,JILIN,吉林省
2017,S000487,101.6303,36.9016,,,,SICHUAN,四川省
2017,S000488,101.7214,36.5448,272.0,西宁市,Xining,QINGHAI,青海省
2017,S000489,104.6042,28.6975,234.0,宜宾市,Yibin,SICHUAN,四川省
2017,S000490,104.8444,28.2838,,,,SICHUAN,四川省
2017,S000491,124.9646,46.6246,60.0,大庆市,Daqing,HEILONGJIANG,黑龙江省
2017,S000492,126.6746,45.7617,55.0,哈尔滨市,Harbin,LIAONING,辽宁省
2017,S000493,108.8836,24.668,,,,GUANGXI,广西壮族自治区
2017,S000494,109.0171,24.3559,,,,GUANGXI,广西壮族自治区
2017,S000495,112.6304,33.0768,156.0,南阳市,Nanyang,SICHUAN,四川省
2017,S000496,113.142,33.2956,,,,HENAN,河南省
2017,S000497,123.7241,52.0791,,,,SICHUAN,四川省
2017,S000498,124.3779,51.6179,,,,SICHUAN,四川省
2017,S000499,112.6466,35.0806,,,,SHANXI,山西省
2017,S000500,113.038,34.9407,,,,CHONGQING,重庆市
2017,S000501,101.4561,26.5477,,,,HEBEI,河北省
2017,S000502,101.8697,26.5694,224.0,攀枝花市,Panzhihua,SHANGHAI,上海市
2017,S000503,115.8886,32.859,101.0,阜阳市,Fuyang,GANSU,甘肃省
2017,S000504,116.8057,33.8455,96.0,淮北市,Huaibei,ANHUI,安徽省
2017,S000505,111.5445,38.6915,,,,SHANXI,山西省
2017,S000506,112.3179,38.9153,,,,SHANXI,山西省
2017,S000507,117.7588,30.8807,97.0,铜陵市,Tongling,ANHUI,安徽省
2017,S000508,118.4426,31.2348,92.0,芜湖市,Wuhu,JIANGSU,江苏省
2017,S000509,118.4467,31.2755,92.0,芜湖市,Wuhu,JIANGXI,江西省
2017,S000510,118.8169,31.9453,67.0,南京市,Nanjing,JIANGXI,江西省
2017,S000511,106.07,38.9631,,,,NINGXIA,宁夏回族自治区
2017,S000512,106.4359,38.9237,274.0,石嘴山市,Shizuishan,NINGXIA,宁夏回族自治区
2017,S000513,122.168,40.6786,41.0,营口市,Yingkou,LIAONING,辽宁省
2017,S000514,122.5139,40.6514,41.0,营口市,Yingkou,LIAONING,辽宁省
2017,S000515,106.3615,39.2248,,,,NINGXIA,宁夏回族自治区
2017,S000516,106.4314,39.1408,274.0,石嘴山市,Shizuishan,NINGXIA,宁夏回族自治区
2017,S000517,113.286,33.6993,147.0,平顶山市,Pingdingshan,LIAONING,辽宁省
2017,S000518,113.552,33.4158,,,,ANHUI,安徽省
2017,S000519,101.729,25.1724,,,,YUNNAN,云南省
2017,S000520,104.1444,30.5758,222.0,成都市,Chengdu,SICHUAN,四川省
2017,S000521,102.3076,25.0808,,,,YUNNAN,云南省
2017,S000522,102.3171,25.146,,,,YUNNAN,云南省
2017,S000523,108.9641,23.76,,,,GUANGXI,广西壮族自治区
2017,S000524,109.2372,23.693,217.0,来宾市,Laibin,GUANGXI,广西壮族自治区
2017,S000525,121.7818,41.3289,,,,LIAONING,辽宁省
2017,S000526,122.6463,40.776,,,,GANSU,甘肃省
2017,S000527,113.4389,35.179,151.0,焦作市,Jiaozuo,HENAN,河南省
2017,S000528,113.9108,35.3055,150.0,新乡市,Xinxiang,HENAN,河南省
2017,S000529,112.4916,43.0507,,,,NEIMENGGU,内蒙古自治区
2017,S000530,112.9038,43.2566,,,,NEIMENGGU,内蒙古自治区
2017,S000531,112.3291,25.4819,,,,HUNAN,湖南省
2017,S000532,113.0543,25.7032,182.0,郴州市,Chenzhou,HUNAN,湖南省
2017,S000533,122.4181,53.038,,,,HEILONGJIANG,黑龙江省
2017,S000534,124.7925,52.4143,,,,HEILONGJIANG,黑龙江省
2017,S000535,115.5232,39.359,,,,ANHUI,安徽省
2017,S000536,115.8655,39.2854,,,,HEBEI,河北省
2017,S000537,124.3861,51.6219,,,,SICHUAN,四川省
2017,S000538,124.7989,52.2843,,,,HEILONGJIANG,黑龙江省
2017,S000539,124.2149,51.1435,,,,NEIMENGGU,内蒙古自治区
2017,S000540,124.3377,50.8235,,,,NEIMENGGU,内蒙古自治区
2017,S000541,124.1564,50.4525,,,,NEIMENGGU,内蒙古自治区
2017,S000542,125.2998,49.2735,,,,NEIMENGGU,内蒙古自治区
2017,S000543,124.5703,47.8806,,,,HEILONGJIANG,黑龙江省
2017,S000544,125.3191,49.0269,,,,HEILONGJIANG,黑龙江省
2017,S000545,122.0754,52.7873,,,,HEILONGJIANG,黑龙江省
2017,S000546,122.4099,53.0338,,,,HEILONGJIANG,黑龙江省
2017,S000547,116.906,34.7419,,,,JIANGSU,江苏省
2017,S000548,117.1253,34.3534,69.0,徐州市,Xuzhou,HENAN,河南省
2017,S000549,106.7487,26.3817,,,,JIANGSU,江苏省
2017,S000550,107.3377,26.489,,,,GUIZHOU,贵州省
2017,S000551,107.3426,26.4937,,,,GUIZHOU,贵州省
2017,S000552,109.969,27.5092,184.0,怀化市,Huaihua,HUNAN,湖南省
2017,S000553,112.0143,27.6513,185.0,娄底市,Loudi,HUNAN,湖南省
2017,S000554,112.5962,27.7126,,,,HUNAN,湖南省
2017,S000555,112.4446,27.8485,,,,HUNAN,湖南省
2017,S000556,113.1298,27.8455,174.0,株洲市,Zhuzhou,HUNAN,湖南省
2017,S000557,117.834,36.5592,,,,SHANDONG,山东省
2017,S000558,118.0876,36.7111,129.0,淄博市,Zibo,SHANXI,山西省
2017,S000559,110.0155,27.4772,184.0,怀化市,Huaihua,HUNAN,湖南省
2017,S000560,112.025,27.6648,185.0,娄底市,Loudi,HUNAN,湖南省
2017,S000561,104.1222,36.4919,263.0,白银市,Baiyin,GANSU,甘肃省
2017,S000562,105.098,36.5963,,,,GANSU,甘肃省
2017,S000563,119.5789,31.0713,,,,ANHUI,安徽省
2017,S000564,119.8637,30.9613,,,,HUBEI,湖北省
2017,S000565,112.6863,38.7184,,,,SHANXI,山西省
2017,S000566,116.0424,39.7623,,,,SHAANXI,陕西省
2017,S000567,116.0488,39.7666,,,,SHAANXI,陕西省
2017,S000568,116.194,39.8415,,,,ZHEJIANG,浙江省
2017,S000569,118.1073,37.281,142.0,滨州市,Binzhou,HUBEI,湖北省
2017,S000570,118.1814,37.1539,,,,SHANDONG,山东省
2017,S000571,111.3152,30.7132,164.0,宜昌市,Yichang,HUBEI,湖北省
2017,S000572,111.6854,30.704,,,,HUBEI,湖北省
2017,S000573,114.3752,35.8782,149.0,鹤壁市,Hebi,HENAN,河南省
2017,S000574,115.0516,35.7038,152.0,濮阳市,Puyang,HENAN,河南省
2017,S000575,119.0201,40.9303,,,,HEBEI,河北省
2017,S000576,120.8949,40.7511,47.0,葫芦岛市,Huludao,LIAONING,辽宁省
2017,S000577,117.3743,39.9131,,,,SHAANXI,陕西省
2017,S000578,117.4443,39.8866,,,,SHAANXI,陕西省
2017,S000579,118.3077,36.7061,,,,SHANDONG,山东省
2017,S000580,118.5797,36.6973,,,,JIANGSU,江苏省
2017,S000581,117.4438,39.8821,,,,SHAANXI,陕西省
2017,S000582,118.1587,39.7767,,,,HEBEI,河北省
2017,S000583,118.1713,39.7805,,,,HEBEI,河北省
2017,S000584,119.468,39.8401,5.0,秦皇岛市,Qinhuangdao,SHANDONG,山东省
2017,S000585,119.4794,39.8348,5.0,秦皇岛市,Qinhuangdao,SHANDONG,山东省
2017,S000586,119.7044,39.9323,5.0,秦皇岛市,Qinhuangdao,ANHUI,安徽省
2017,S000587,116.4568,39.8744,1.0,北京市,Beijing,ANHUI,安徽省
2017,S000588,116.733,39.8517,,,,SHANXI,山西省
2017,S000589,116.739,39.8514,,,,SHANXI,山西省
2017,S000590,117.3252,39.9068,,,,SHAANXI,陕西省
2017,S000591,117.9912,40.1274,,,,HEBEI,河北省
2017,S000592,118.1652,39.7809,,,,HEBEI,河北省
2017,S000593,116.6597,40.2454,,,,JIANGSU,江苏省
2017,S000594,117.3196,39.9116,,,,SHAANXI,陕西省
2017,S000595,103.8473,25.6386,,,,YUNNAN,云南省
2017,S000596,104.5987,25.871,,,,GUIZHOU,贵州省
2017,S000597,117.2049,25.98,,,,SICHUAN,四川省
2017,S000598,117.4262,26.0068,,,,SICHUAN,四川省
2017,S000599,126.5399,41.9743,53.0,白山市,Baishan,JILIN,吉林省
2017,S000600,128.0827,42.4099,,,,JILIN,吉林省
2017,S000601,118.5854,36.6969,,,,SHANDONG,山东省
2017,S000602,120.2185,36.3045,,,,SHANDONG,山东省
2017,S000603,106.4631,26.6252,240.0,贵阳市,Guiyang,GUIZHOU,贵州省
2017,S000604,106.5501,26.3665,,,,GUIZHOU,贵州省
2017,S000605,113.4109,34.144,,,,HENAN,河南省
2017,S000606,113.7757,34.0384,153.0,许昌市,Xuchang,HENAN,河南省
2017,S000607,113.7967,34.0106,153.0,许昌市,Xuchang,HENAN,河南省
2017,S000608,115.178,33.6526,,,,HENAN,河南省
2017,S000609,121.4017,31.0015,,,,HUNAN,湖南省
2017,S000610,121.473,30.8118,,,,GANSU,甘肃省
2017,S000611,121.2631,31.2568,,,,GANSU,甘肃省
2017,S000612,121.4215,31.027,,,,CHONGQING,重庆市
2017,S000613,108.0928,24.6525,216.0,河池市,Hechi,GUANGXI,广西壮族自治区
2017,S000614,108.204,24.8524,,,,GUANGXI,广西壮族自治区
2017,S000615,108.1563,25.2198,,,,NEIMENGGU,内蒙古自治区
2017,S000616,108.2098,25.0643,,,,GUANGXI,广西壮族自治区
2017,S000617,118.1451,37.0882,,,,SHANDONG,山东省
2017,S000618,118.5418,37.5024,131.0,东营市,Dongying,SHANDONG,山东省
2017,S000619,105.9635,32.8935,,,,SHAANXI,陕西省
2017,S000620,108.9939,32.6753,258.0,安康市,Ankang,SHAANXI,陕西省
2017,S000621,114.0668,32.9469,160.0,驻马店市,Zhumadian,HENAN,河南省
2017,S000622,114.9307,32.7156,,,,GUANGDONG,广东省
2017,S000623,117.0637,36.6221,127.0,济南市,JiNan,JIANGSU,江苏省
2017,S000624,118.1126,36.7277,129.0,淄博市,Zibo,HUNAN,湖南省
2017,S000625,109.5597,34.7732,,,,SHAANXI,陕西省
2017,S000626,111.3748,35.6026,,,,SHANXI,山西省
2017,S000627,113.9837,26.8806,,,,SHANDONG,山东省
2017,S000628,114.7574,27.6931,120.0,新余市,Xinyu,JIANGXI,江西省
2017,S000629,103.9836,31.3136,,,,SICHUAN,四川省
2017,S000630,104.2626,30.8863,,,,JIANGSU,江苏省
2017,S000631,126.0951,43.266,,,,JILIN,吉林省
2017,S000632,127.2711,42.727,,,,JILIN,吉林省
2017,S000633,109.688,28.0341,,,,HUNAN,湖南省
2017,S000634,112.3462,31.2876,,,,HUBEI,湖北省
2017,S000635,109.9742,27.5046,184.0,怀化市,Huaihua,HUNAN,湖南省
2017,S000636,110.0103,27.4772,184.0,怀化市,Huaihua,HUNAN,湖南省
2017,S000637,109.0728,24.7665,,,,GUANGXI,广西壮族自治区
2017,S000638,110.0309,27.3172,,,,HUNAN,湖南省
2017,S000639,111.8177,32.0859,,,,HUBEI,湖北省
2017,S000640,113.0653,33.7548,147.0,平顶山市,Pingdingshan,HENAN,河南省
2017,S000641,112.5791,34.5801,146.0,洛阳市,Luoyang,JIANGXI,江西省
2017,S000642,112.6214,34.6652,146.0,洛阳市,Luoyang,HENAN,河南省
2017,S000643,112.5572,34.4268,,,,HENAN,河南省
2017,S000644,113.0654,33.7593,147.0,平顶山市,Pingdingshan,HENAN,河南省
2017,S000645,113.0404,35.1486,,,,HENAN,河南省
2017,S000646,113.8077,35.173,150.0,新乡市,Xinxiang,HENAN,河南省
2017,S000647,112.4633,34.8402,,,,HENAN,河南省
2017,S000648,113.0291,35.1489,,,,HENAN,河南省
2017,S000649,119.7347,48.6586,,,,NEIMENGGU,内蒙古自治区
2017,S000650,119.9249,49.103,31.0,呼伦贝尔市,Hulunbeir,NEIMENGGU,内蒙古自治区
2017,S000651,112.7854,37.55,20.0,晋中市,Jinzhong,SHANXI,山西省
2017,S000652,113.1461,36.2264,17.0,长治市,Changzhi,SHANXI,山西省
2017,S000653,112.8754,35.4463,18.0,晋城市,Jincheng,SHANXI,山西省
2017,S000654,113.0347,35.1487,,,,HENAN,河南省
2017,S000655,112.8381,35.6732,18.0,晋城市,Jincheng,SHANXI,山西省
2017,S000656,113.1402,36.2221,17.0,长治市,Changzhi,SHANXI,山西省
2017,S000657,106.3295,29.572,,,,HUNAN,湖南省
2017,S000658,111.8123,32.0905,,,,HUBEI,湖北省
2017,S000659,117.6541,41.4963,,,,LIAONING,辽宁省
2017,S000660,119.0826,42.265,28.0,赤峰市,Chifeng,GUANGDONG,广东省
2017,S000661,116.6502,40.3412,,,,HUNAN,湖南省
2017,S000662,117.7543,41.2769,,,,HEBEI,河北省
2017,S000663,116.4975,40.267,,,,HUNAN,湖南省
2017,S000664,116.6498,40.3367,,,,HUNAN,湖南省
2017,S000665,119.0905,42.2781,28.0,赤峰市,Chifeng,GUANGDONG,广东省
2017,S000666,122.1911,43.5304,29.0,通辽市,Tongliao,HUBEI,湖北省
2017,S000667,117.9231,39.2737,,,,TIANJIN,天津市
2017,S000668,118.2433,39.236,,,,HEBEI,河北省
2017,S000669,113.2467,27.7782,174.0,株洲市,Zhuzhou,HUNAN,湖南省
2017,S000670,113.5255,27.619,,,,YUNNAN,云南省
2017,S000671,122.2053,43.5383,29.0,通辽市,Tongliao,HUBEI,湖北省
2017,S000672,122.236,43.5311,29.0,通辽市,Tongliao,HUBEI,湖北省
2017,S000673,116.1795,40.1732,,,,GUANGDONG,广东省
2017,S000674,116.4971,40.2625,,,,HUNAN,湖南省
2017,S000675,117.7675,41.2853,,,,HEBEI,河北省
2017,S000676,118.0219,40.8523,10.0,承德市,Chengde,HEBEI,河北省
2017,S000677,108.822,35.0352,251.0,铜川市,Tongchuan,SHAANXI,陕西省
2017,S000678,109.0401,34.7974,251.0,铜川市,Tongchuan,SHAANXI,陕西省
2017,S000679,108.9024,35.3613,,,,SHAANXI,陕西省
2017,S000680,109.0125,35.6469,,,,SHAANXI,陕西省
2017,S000681,117.2016,36.1162,135.0,泰安市,Taian,SHANDONG,山东省
2017,S000682,117.736,36.1619,138.0,莱芜市,Laiwu,SHANDONG,山东省
2017,S000683,117.7479,36.1657,138.0,莱芜市,Laiwu,SHANDONG,山东省
2017,S000684,118.3014,36.702,,,,SHANDONG,山东省
2017,S000685,117.3812,36.1874,,,,SHANDONG,山东省
2017,S000686,117.8749,36.2803,138.0,莱芜市,Laiwu,SHANDONG,山东省
2017,S000687,131.1819,46.7673,59.0,双鸭山市,Shuangyashan,HEILONGJIANG,黑龙江省
2017,S000688,133.2458,47.5812,,,,HEILONGJIANG,黑龙江省
2017,S000689,115.8695,32.8236,101.0,阜阳市,Fuyang,GANSU,甘肃省
2017,S000690,117.2302,32.4235,,,,ANHUI,安徽省
2017,S000691,113.5307,27.6189,,,,YUNNAN,云南省
2017,S000692,114.7581,27.7068,120.0,新余市,Xinyu,JIANGXI,江西省
2017,S000693,112.0036,37.8626,,,,SHANXI,山西省
2017,S000694,112.5598,37.8032,14.0,太原市,Taiyuan,GANSU,甘肃省
2017,S000695,111.631,38.2972,,,,SHANXI,山西省
2017,S000696,111.9977,37.8627,,,,SHANXI,山西省
2017,S000697,86.0539,41.6577,,,,XINJIANG,新疆维吾尔自治区
2017,S000698,88.9054,43.0819,,,,XINJIANG,新疆维吾尔自治区
2017,S000699,100.4572,37.1057,,,,QINGHAI,青海省
2017,S000700,100.5091,37.3455,,,,QINGHAI,青海省
2017,S000701,118.4475,31.2299,92.0,芜湖市,Wuhu,JIANGSU,江苏省
2017,S000702,118.8021,30.8443,106.0,宣城市,Xuancheng,ANHUI,安徽省
2017,S000703,117.1193,28.9603,,,,SHANXI,山西省
2017,S000704,118.9548,30.5091,,,,ANHUI,安徽省
2017,S000705,119.6141,45.4286,,,,NEIMENGGU,内蒙古自治区
2017,S000706,122.199,43.5389,29.0,通辽市,Tongliao,HUBEI,湖北省
2017,S000707,113.1519,36.2263,17.0,长治市,Changzhi,SHANXI,山西省
2017,S000708,114.1444,36.4918,,,,ZHEJIANG,浙江省
2017,S000709,114.1442,36.4873,,,,ZHEJIANG,浙江省
2017,S000710,114.4049,36.4017,,,,HEBEI,河北省
2017,S000711,114.158,36.6361,,,,HEBEI,河北省
2017,S000712,114.5137,36.5834,6.0,邯郸市,Handan,HEBEI,河北省
2017,S000713,114.7636,27.7111,120.0,新余市,Xinyu,JIANGXI,江西省
2017,S000714,115.5194,28.0109,,,,JIANGXI,江西省
2017,S000715,94.8494,36.1491,,,,QINGHAI,青海省
2017,S000716,98.9254,36.942,,,,QINGHAI,青海省
2017,S000717,98.8196,37.1056,,,,QINGHAI,青海省
2017,S000718,100.4526,37.0963,,,,QINGHAI,青海省
2017,S000719,98.8737,36.8558,,,,QINGHAI,青海省
2017,S000720,99.0742,36.7594,,,,QINGHAI,青海省
2017,S000721,100.4583,37.0967,,,,QINGHAI,青海省
2017,S000722,101.7056,36.5302,272.0,西宁市,Xining,QINGHAI,青海省
2017,S000723,115.5619,35.162,143.0,菏泽市,Heze,SHANDONG,山东省
2017,S000724,116.8436,35.52,,,,SHANDONG,山东省
2017,S000725,114.0843,35.1417,,,,JIANGSU,江苏省
2017,S000726,114.4286,35.0079,,,,HENAN,河南省
2017,S000727,114.4289,35.0124,,,,HENAN,河南省
2017,S000728,114.6575,35.1399,,,,HENAN,河南省
2017,S000729,114.4284,35.0034,,,,HENAN,河南省
2017,S000730,114.6529,34.9681,,,,HENAN,河南省
2017,S000731,113.8657,35.1983,150.0,新乡市,Xinxiang,JIANGSU,江苏省
2017,S000732,115.5556,35.1532,143.0,菏泽市,Heze,SHANDONG,山东省
2017,S000733,113.8244,34.3537,,,,HENAN,河南省
2017,S000734,114.8157,34.4822,,,,HENAN,河南省
2017,S000735,115.5086,28.1668,,,,JIANGXI,江西省
2017,S000736,115.8291,28.1235,,,,SHAANXI,陕西省
2017,S000737,108.647,19.0085,,,,HAINAN,海南省
2017,S000738,109.5044,18.1921,220.0,三亚市,Sanya,HAINAN,海南省
2017,S000739,117.1425,28.9863,,,,SHANXI,山西省
2017,S000740,117.746,29.0114,,,,HUBEI,湖北省
2017,S000741,116.9172,35.448,,,,SHANDONG,山东省
2017,S000742,119.4844,35.3717,137.0,日照市,Rizhao,SHANDONG,山东省
2017,S000743,124.8007,52.4183,,,,HEILONGJIANG,黑龙江省
2017,S000744,125.8113,52.1153,,,,HEILONGJIANG,黑龙江省
2017,S000745,113.3113,32.6978,,,,HENAN,河南省
2017,S000746,114.0674,32.412,,,,HENAN,河南省
2017,S000747,114.3421,30.4682,161.0,武汉市,Wuhan,JIANGXI,江西省
2017,S000748,115.9142,29.5117,,,,HEBEI,河北省
2017,S000749,125.3077,49.2774,,,,HEILONGJIANG,黑龙江省
2017,S000750,125.8727,49.8498,,,,HEILONGJIANG,黑龙江省
2017,S000751,118.5802,36.7018,,,,JIANGSU,江苏省
2017,S000752,118.9518,37.0982,,,,SHANDONG,山东省
2017,S000753,109.8669,40.021,,,,ANHUI,安徽省
2017,S000754,110.2334,39.2338,,,,SHAANXI,陕西省
2017,S000755,115.7998,34.232,,,,HENAN,河南省
2017,S000756,115.8603,33.0009,101.0,阜阳市,Fuyang,JIANGXI,江西省
2017,S000757,115.8395,28.123,,,,SHAANXI,陕西省
2017,S000758,116.0052,28.2561,,,,JIANGXI,江西省
2017,S000759,115.847,32.9698,101.0,阜阳市,Fuyang,JIANGXI,江西省
2017,S000760,115.8828,32.8547,101.0,阜阳市,Fuyang,GANSU,甘肃省
2017,S000761,118.073,26.5597,,,,FUJIAN,福建省
2017,S000762,119.3575,26.0403,107.0,福州市,Fuzhou2,JIANGSU,江苏省
2017,S000763,114.102,33.4213,154.0,漯河市,Luohe,HENAN,河南省
2017,S000764,115.8415,32.9701,101.0,阜阳市,Fuyang,JIANGXI,江西省
2017,S000765,112.1366,30.9193,167.0,荆门市,Jingmen,HUBEI,湖北省
2017,S000766,112.1469,30.9009,167.0,荆门市,Jingmen,HUBEI,湖北省
2017,S000767,112.1522,30.9008,167.0,荆门市,Jingmen,HUBEI,湖北省
2017,S000768,112.3452,30.302,169.0,荆州市,Jingzhou,HUBEI,湖北省
2017,S000769,82.4761,45.0329,,,,XINJIANG,新疆维吾尔自治区
2017,S000770,87.4368,43.7441,278.0,乌鲁木齐市,Urumqi,HUBEI,湖北省
2017,S000771,119.0628,35.185,,,,SHANDONG,山东省
2017,S000772,119.3818,35.0889,,,,JIANGSU,江苏省
2017,S000773,114.3697,34.3584,,,,HENAN,河南省
2017,S000774,114.4848,34.7027,,,,HENAN,河南省
2017,S000775,106.7049,28.9134,,,,JIANGXI,江西省
2017,S000776,107.1076,29.1293,,,,LIAONING,辽宁省
2017,S000777,112.0897,23.0137,,,,GUANGDONG,广东省
2017,S000778,112.313,22.8979,,,,GUANGDONG,广东省
2017,S000779,116.0126,28.3609,,,,JIANGXI,江西省
2017,S000780,116.982,28.1229,121.0,鹰潭市,Yingtan,JIANGXI,江西省
2017,S000781,110.8231,21.5778,194.0,茂名市,Maoming,GUANGDONG,广东省
2017,S000782,113.2881,23.1039,186.0,广州市,Guangzhou,JIANGXI,江西省
2017,S000783,112.2903,36.4661,,,,SHANXI,山西省
2017,S000784,112.7895,36.7047,,,,SHANXI,山西省
2017,S000785,122.7929,40.9083,,,,LIAONING,辽宁省
2017,S000786,123.223,40.3232,,,,LIAONING,辽宁省
2017,S000787,108.251,22.6815,,,,GUANGXI,广西壮族自治区
2017,S000788,108.6907,22.0705,211.0,钦州市,Qinzhou,GUANGXI,广西壮族自治区
2017,S000789,113.2317,39.9187,15.0,大同市,Datong,GANSU,甘肃省
2017,S000790,115.4533,40.2862,,,,HEBEI,河北省
2017,S000791,116.5346,40.2743,,,,HUNAN,湖南省
2017,S000792,116.6537,40.2457,,,,JIANGSU,江苏省
2017,S000793,117.9856,40.1322,,,,HEBEI,河北省
2017,S000794,119.7062,39.9458,5.0,秦皇岛市,Qinhuangdao,ANHUI,安徽省
2017,S000795,117.3692,39.9225,,,,SHAANXI,陕西省
2017,S000796,117.9796,40.1326,,,,HEBEI,河北省
2017,S000797,117.3257,39.9113,,,,SHAANXI,陕西省
2017,S000798,117.3627,39.9183,,,,SHAANXI,陕西省
2017,S000799,115.6015,40.3164,,,,HEBEI,河北省
2017,S000800,116.4915,40.2673,,,,HUNAN,湖南省
2017,S000801,117.2551,28.2661,121.0,鹰潭市,Yingtan,JIANGXI,江西省
2017,S000802,120.3274,29.9946,,,,SHANDONG,山东省
2017,S000803,118.7517,39.6756,,,,JIANGXI,江西省
2017,S000804,119.0537,39.1831,,,,HEBEI,河北省
2017,S000805,109.29,34.6409,,,,SICHUAN,四川省
2017,S000806,109.4136,34.6913,,,,SHAANXI,陕西省
2017,S000807,115.5553,35.1487,143.0,菏泽市,Heze,SHANDONG,山东省
2017,S000808,115.7042,34.3859,157.0,商丘市,Shangqiu,HENAN,河南省
2017,S000809,111.7267,37.0623,,,,SHANXI,山西省
2017,S000810,111.8461,36.9477,,,,SHANXI,山西省
2017,S000811,115.9339,39.6902,,,,SHAANXI,陕西省
2017,S000812,116.0858,39.5564,,,,HEBEI,河北省
2017,S000813,111.1567,37.4301,24.0,吕梁市,Luliang,SHANXI,山西省
2017,S000814,111.721,37.0669,,,,SHANXI,山西省
2017,S000815,102.5039,24.2998,244.0,玉溪市,Yuxi,YUNNAN,云南省
2017,S000816,102.6178,24.682,,,,YUNNAN,云南省
2017,S000817,113.1006,40.1074,15.0,大同市,Datong,GANSU,甘肃省
2017,S000818,113.2747,40.0716,15.0,大同市,Datong,SHANXI,山西省
2017,S000819,115.1926,27.1658,,,,JIANGXI,江西省
2017,S000820,115.8334,28.1096,,,,SHAANXI,陕西省
2017,S000821,111.4382,35.6335,,,,SHANXI,山西省
2017,S000822,112.8756,35.4509,18.0,晋城市,Jincheng,SHANXI,山西省
2017,S000823,120.2288,30.282,80.0,杭州市,Hangzhou,GANSU,甘肃省
2017,S000824,120.3285,30.0905,,,,HEBEI,河北省
2017,S000825,109.2458,35.7208,,,,YUNNAN,云南省
2017,S000826,109.7285,34.9364,,,,SHANXI,山西省
2017,S000827,109.2586,34.3785,,,,JIANGXI,江西省
2017,S000828,109.5316,34.7641,,,,SHAANXI,陕西省
2017,S000829,118.1758,39.7666,4.0,唐山市,Tangshan,GUANGDONG,广东省
2017,S000830,118.2252,39.5593,4.0,唐山市,Tangshan,HEBEI,河北省
2017,S000831,105.3615,37.5015,277.0,中卫市,Zhongwei,NINGXIA,宁夏回族自治区
2017,S000832,107.3174,34.3111,252.0,宝鸡市,Baoji,SHAANXI,陕西省
2017,S000833,118.8074,30.8439,106.0,宣城市,Xuancheng,ANHUI,安徽省
2017,S000834,120.224,30.287,80.0,杭州市,Hangzhou,GANSU,甘肃省
2017,S000835,114.0379,22.9066,,,,SHANDONG,山东省
2017,S000836,115.2942,24.0694,,,,GUANGDONG,广东省
2017,S000837,116.042,39.7578,,,,SHAANXI,陕西省
2017,S000838,116.1424,39.6581,,,,GUANGDONG,广东省
2017,S000839,121.4646,39.4556,,,,JIANGXI,江西省
2017,S000840,122.0243,39.5153,,,,NINGXIA,宁夏回族自治区
2017,S000841,121.4996,31.1977,66.0,上海市,Shanghai,SHANDONG,山东省
2017,S000842,121.5482,31.3117,66.0,上海市,Shanghai,NINGXIA,宁夏回族自治区
2017,S000843,106.8233,27.1444,,,,SHANXI,山西省
2017,S000844,106.9833,26.984,,,,GUIZHOU,贵州省
2017,S000845,115.9905,28.3437,,,,JIANGXI,江西省
2017,S000846,116.0056,28.2607,,,,JIANGXI,江西省
2017,S000847,112.8627,39.909,,,,SHANXI,山西省
2017,S000848,113.2103,39.9826,15.0,大同市,Datong,GANSU,甘肃省
2017,S000849,113.7766,31.2282,,,,HUBEI,湖北省
2017,S000850,114.0026,31.2072,,,,HUNAN,湖南省
2017,S000851,121.8059,39.6625,,,,HUBEI,湖北省
2017,S000852,121.8931,39.5271,,,,HUBEI,湖北省
2017,S000853,114.7893,36.5508,,,,HEBEI,河北省
2017,S000854,115.0022,36.624,,,,SHANDONG,山东省
2017,S000855,114.9184,36.4011,,,,SHANDONG,山东省
2017,S000856,115.1569,36.256,,,,HEBEI,河北省
2017,S000857,115.4491,37.7822,,,,HEBEI,河北省
2017,S000858,115.587,38.057,,,,HENAN,河南省
2017,S000859,133.1657,46.27,,,,HEILONGJIANG,黑龙江省
2017,S000860,133.4732,46.4886,,,,HEILONGJIANG,黑龙江省
2017,S000861,102.0115,38.3763,262.0,金昌市,Jinchang,GUANGXI,广西壮族自治区
2017,S000862,102.6406,39.0387,,,,GANSU,甘肃省
2017,S000863,121.2297,37.2014,,,,SHANDONG,山东省
2017,S000864,122.1993,37.2861,,,,SHANDONG,山东省
2017,S000865,114.2422,30.8219,,,,FUJIAN,福建省
2017,S000866,114.9294,31.1589,,,,HUBEI,湖北省
2017,S000867,113.3476,27.0342,,,,HUNAN,湖南省
2017,S000868,113.5338,26.6757,,,,HUNAN,湖南省
2017,S000869,114.5047,33.4706,,,,HENAN,河南省
2017,S000870,114.9312,33.717,,,,HENAN,河南省
2017,S000871,113.3897,37.0564,,,,SHANXI,山西省
2017,S000872,113.7086,37.7529,16.0,阳泉市,Yangquan,SHANXI,山西省
2017,S000873,115.8061,32.7858,101.0,阜阳市,Fuyang,ANHUI,安徽省
2017,S000874,115.877,32.8505,101.0,阜阳市,Fuyang,GANSU,甘肃省
2017,S000875,114.9187,31.6136,,,,HENAN,河南省
2017,S000876,115.8054,32.7768,101.0,阜阳市,Fuyang,ANHUI,安徽省
2017,S000877,115.6692,38.1304,,,,SHAANXI,陕西省
2017,S000878,116.4455,38.9867,,,,HEBEI,河北省
2017,S000879,115.5552,35.3071,143.0,菏泽市,Heze,SHANDONG,山东省
2017,S000880,116.0,35.762,,,,SHANDONG,山东省
2017,S000881,115.7407,37.0547,,,,SICHUAN,四川省
2017,S000882,115.9689,36.4741,141.0,聊城市,Liaocheng,SHANDONG,山东省
2017,S000883,116.276,39.244,,,,SHANDONG,山东省
2017,S000884,116.4136,39.1015,,,,SICHUAN,四川省
2017,S000885,114.9346,31.1542,,,,HUBEI,湖北省
2017,S000886,116.1367,29.6552,119.0,九江市,Jiujiang,JIANGXI,江西省
2017,S000887,114.8878,25.4948,,,,JIANGXI,江西省
2017,S000888,115.2947,24.0786,,,,GUANGDONG,广东省
2017,S000889,118.582,39.8274,,,,HEBEI,河北省
2017,S000890,118.6767,39.7577,,,,HEBEI,河北省
2017,S000891,123.4218,41.6018,,,,HUBEI,湖北省
2017,S000892,123.8114,41.2927,38.0,本溪市,Benxi,LIAONING,辽宁省
2017,S000893,112.5377,35.3948,,,,SHANXI,山西省
2017,S000894,112.7325,35.1059,,,,HENAN,河南省
2017,S000895,112.1525,35.6641,,,,SICHUAN,四川省
2017,S000896,112.4886,35.6399,,,,SHANXI,山西省
2017,S000897,115.9552,30.0928,,,,GUANGDONG,广东省
2017,S000898,116.8417,30.6822,,,,SHANDONG,山东省
2017,S000899,116.8421,30.6867,,,,SHANDONG,山东省
2017,S000900,117.3159,31.8504,91.0,合肥市,Hefei,ANHUI,安徽省
2017,S000901,110.8722,39.6201,,,,NEIMENGGU,内蒙古自治区
2017,S000902,113.1515,40.4459,,,,NEIMENGGU,内蒙古自治区
2017,S000903,110.8468,37.4099,,,,SHANXI,山西省
2017,S000904,111.1509,37.4301,24.0,吕梁市,Luliang,SHANXI,山西省
2017,S000905,115.3014,24.0228,,,,GUANGDONG,广东省
2017,S000906,116.1325,24.2377,197.0,梅州市,Meizhou,GUANGDONG,广东省
2017,S000907,115.2992,24.0691,,,,GUANGDONG,广东省
2017,S000908,115.3017,24.0274,,,,GUANGDONG,广东省
2017,S000909,115.8065,24.1355,,,,GUANGDONG,广东省
2017,S000910,116.0463,23.9929,,,,GUANGDONG,广东省
2017,S000911,116.046,23.9883,,,,GUANGDONG,广东省
2017,S000912,116.8177,23.3864,190.0,汕头市,Shantou,YUNNAN,云南省
2017,S000913,123.6908,41.1814,38.0,本溪市,Benxi,LIAONING,辽宁省
2017,S000914,124.0633,40.4203,,,,LIAONING,辽宁省
2017,S000915,116.0516,23.9972,,,,GUANGDONG,广东省
2017,S000916,116.3364,24.226,,,,GUANGDONG,广东省
2017,S000917,116.4199,39.1057,,,,SICHUAN,四川省
2017,S000918,117.1224,39.2511,2.0,天津市,Tianjin,GANSU,甘肃省
2017,S000919,108.6771,22.0006,211.0,钦州市,Qinzhou,GUANGXI,广西壮族自治区
2017,S000920,109.2937,21.4995,,,,YUNNAN,云南省
2017,S000921,113.2727,41.2497,,,,NEIMENGGU,内蒙古自治区
2017,S000922,122.1643,43.5603,29.0,通辽市,Tongliao,HUBEI,湖北省
2017,S000923,129.8078,42.9996,,,,JILIN,吉林省
2017,S000924,130.4235,42.9046,,,,JILIN,吉林省
2017,S000925,113.2919,33.7082,147.0,平顶山市,Pingdingshan,LIAONING,辽宁省
2017,S000926,113.4107,34.1395,,,,HENAN,河南省
2017,S000927,111.4569,35.4119,,,,HEBEI,河北省
2017,S000928,111.7065,35.6347,,,,SHANXI,山西省
2017,S000929,113.5575,33.4156,,,,ANHUI,安徽省
2017,S000930,114.0354,33.5322,154.0,漯河市,Luohe,HENAN,河南省
2017,S000931,110.2393,39.2292,,,,SHAANXI,陕西省
2017,S000932,111.4674,38.9998,,,,SICHUAN,四川省
2017,S000933,111.1094,39.3921,,,,GUANGXI,广西壮族自治区
2017,S000934,111.9495,38.9574,,,,SHANXI,山西省
2017,S000935,124.0305,40.378,,,,LIAONING,辽宁省
2017,S000936,124.3491,40.1567,39.0,丹东市,Dandong,LIAONING,辽宁省
2017,S000937,106.6175,23.9337,214.0,百色市,Baise,SHAANXI,陕西省
2017,S000938,108.1778,22.6664,,,,GUANGXI,广西壮族自治区
2017,S000939,103.075,24.8736,,,,YUNNAN,云南省
2017,S000940,104.7812,25.1849,,,,GUIZHOU,贵州省
2017,S000941,104.7756,25.2814,,,,GUIZHOU,贵州省
2017,S000942,106.6125,23.9335,214.0,百色市,Baise,SHAANXI,陕西省
2017,S000943,104.4355,25.6376,,,,GUIZHOU,贵州省
2017,S000944,104.7656,25.2809,,,,GUIZHOU,贵州省
2017,S000945,117.6536,28.3362,,,,JIANGXI,江西省
2017,S000946,117.8448,27.8516,,,,JIANGXI,江西省
2017,S000947,117.8444,27.8471,,,,JIANGXI,江西省
2017,S000948,118.3492,26.875,,,,FUJIAN,福建省
2017,S000949,117.5346,25.184,,,,SICHUAN,四川省
2017,S000950,117.849,25.3142,,,,FUJIAN,福建省
2017,S000951,117.8486,25.3096,,,,FUJIAN,福建省
2017,S000952,118.9443,25.1842,,,,SHANDONG,山东省
2017,S000953,117.8545,25.3184,,,,FUJIAN,福建省
2017,S000954,117.9524,25.339,,,,FUJIAN,福建省
2017,S000955,115.057,35.6991,152.0,濮阳市,Puyang,HENAN,河南省
2017,S000956,115.8879,36.0207,,,,SHANDONG,山东省
2017,S000957,124.1403,39.9641,,,,LIAONING,辽宁省
2017,S000958,124.3482,40.1522,39.0,丹东市,Dandong,LIAONING,辽宁省
2017,S000959,104.4062,30.6749,,,,SICHUAN,四川省
2017,S000960,107.2069,30.9148,,,,SICHUAN,四川省
2017,S000961,104.2461,30.6581,222.0,成都市,Chengdu,SICHUAN,四川省
2017,S000962,104.41,30.857,,,,JIANGXI,江西省
2017,S000963,104.2682,30.8821,,,,JIANGSU,江苏省
2017,S000964,104.4043,30.8613,,,,JIANGXI,江西省
2017,S000965,104.4151,30.8618,,,,JIANGXI,江西省
2017,S000966,104.6182,30.803,,,,SICHUAN,四川省
2017,S000967,119.7297,28.994,86.0,金华市,Jinhua,JIANGXI,江西省
2017,S000968,120.6191,27.9889,82.0,温州市,Wenzhou,ANHUI,安徽省
2017,S000969,100.212,25.5001,,,,SICHUAN,四川省
2017,S000970,101.7959,25.0482,,,,CHONGQING,重庆市
2017,S000971,111.4289,29.5208,,,,HUNAN,湖南省
2017,S000972,112.9621,28.2564,173.0,长沙市,Changsha,JIANGXI,江西省
2017,S000973,108.6908,22.0658,211.0,钦州市,Qinzhou,GUANGXI,广西壮族自治区
2017,S000974,109.0139,22.8165,,,,GUANGXI,广西壮族自治区
2017,S000975,75.9494,39.4692,,,,XINJIANG,新疆维吾尔自治区
2017,S000976,86.0494,41.6523,,,,XINJIANG,新疆维吾尔自治区
2017,S000977,115.9649,36.4969,141.0,聊城市,Liaocheng,SHANDONG,山东省
2017,S000978,116.7588,36.7789,,,,GUIZHOU,贵州省
2017,S000979,120.2299,30.2911,80.0,杭州市,Hangzhou,GANSU,甘肃省
2017,S000980,121.5176,31.132,66.0,上海市,Shanghai,HUNAN,湖南省
2017,S000981,114.533,36.5194,6.0,邯郸市,Handan,SICHUAN,四川省
2017,S000982,115.9644,36.4155,141.0,聊城市,Liaocheng,SHANDONG,山东省
2017,S000983,131.816,46.7897,,,,HEILONGJIANG,黑龙江省
2017,S000984,132.2283,46.368,,,,HEILONGJIANG,黑龙江省
2017,S000985,111.9603,38.4599,,,,HEBEI,河北省
2017,S000986,112.2474,38.9481,,,,SHANXI,山西省
2017,S000987,111.5389,22.7172,,,,GUANGDONG,广东省
2017,S000988,111.8951,22.396,,,,GUANGDONG,广东省
2017,S000989,116.342,24.2349,,,,GUANGDONG,广东省
2017,S000990,116.9204,24.8139,,,,FUJIAN,福建省
2017,S000991,112.1945,28.2235,,,,HUNAN,湖南省
2017,S000992,112.3747,28.5165,181.0,益阳市,Yiyang,HUNAN,湖南省
2017,S000993,118.2817,31.3599,92.0,芜湖市,Wuhu,ANHUI,安徽省
2017,S000994,118.4535,31.2887,92.0,芜湖市,Wuhu,ANHUI,安徽省
2017,S000995,108.9903,33.8429,,,,SHAANXI,陕西省
2017,S000996,109.3284,32.7772,,,,SHAANXI,陕西省
2017,S000997,103.8265,27.1072,,,,GUIZHOU,贵州省
2017,S000998,104.8568,26.5905,,,,GUIZHOU,贵州省
2017,S000999,105.9408,38.05,,,,NINGXIA,宁夏回族自治区
2017,S001000,106.6878,38.0846,,,,CHONGQING,重庆市
2017,S001001,119.7056,39.9413,5.0,秦皇岛市,Qinhuangdao,ANHUI,安徽省
2017,S001002,120.8922,40.7331,47.0,葫芦岛市,Huludao,LIAONING,辽宁省
2017,S001003,118.4571,34.3788,,,,JIANGXI,江西省
2017,S001004,119.0315,33.5845,74.0,淮安市,Huaian,JIANGSU,江苏省
2017,S001005,119.029,33.6119,74.0,淮安市,Huaian,JIANGSU,江苏省
2017,S001006,120.451,32.393,,,,GANSU,甘肃省
2017,S001007,119.8075,31.4448,,,,SICHUAN,四川省
2017,S001008,120.1974,31.6036,68.0,无锡市,Wuxi,NEIMENGGU,内蒙古自治区
2017,S001009,120.1943,31.6221,68.0,无锡市,Wuxi,NEIMENGGU,内蒙古自治区
2017,S001010,120.4493,32.3795,,,,GANSU,甘肃省
2017,S001011,112.1053,38.9821,,,,SHANXI,山西省
2017,S001012,112.3844,39.3166,19.0,朔州市,Shuozhou,SHANXI,山西省
2017,S001013,112.6923,38.7182,,,,SHANXI,山西省
2017,S001014,114.9471,38.4628,,,,HEBEI,河北省
2017,S001015,114.9648,38.4622,,,,HEBEI,河北省
2017,S001016,115.9265,38.4721,,,,HEBEI,河北省
2017,S001017,115.9571,38.4843,,,,HEBEI,河北省
2017,S001018,116.9984,38.3831,11.0,沧州市,Cangzhou,HEBEI,河北省
2017,S001019,117.014,38.2962,11.0,沧州市,Cangzhou,HEBEI,河北省
2017,S001020,117.7245,38.2335,,,,CHONGQING,重庆市
2017,S001021,104.4925,25.9439,,,,YUNNAN,云南省
2017,S001022,104.8611,26.5173,,,,GUIZHOU,贵州省
2017,S001023,120.9023,40.7596,47.0,葫芦岛市,Huludao,LIAONING,辽宁省
2017,S001024,121.2816,41.1433,40.0,锦州市,Jinzhou,LIAONING,辽宁省
2017,S001025,116.5119,33.5349,,,,ANHUI,安徽省
2017,S001026,117.0635,33.5362,102.0,宿州市,Suzhou4,ANHUI,安徽省
2017,S001027,109.5322,36.5625,255.0,延安市,YanAn,SHAANXI,陕西省
2017,S001028,110.4722,39.1563,,,,SHAANXI,陕西省
2017,S001029,114.4816,39.8012,,,,SHANXI,山西省
2017,S001030,115.4853,40.226,,,,HEBEI,河北省
2017,S001031,107.4786,31.1842,236.0,达州市,Dazhou,HENAN,河南省
2017,S001032,108.3235,30.7904,221.0,重庆市,Chongqing,SICHUAN,四川省
2017,S001033,115.9714,42.9903,,,,NEIMENGGU,内蒙古自治区
2017,S001034,115.9649,42.2397,,,,HEBEI,河北省
2017,S001035,112.2797,31.0347,167.0,荆门市,Jingmen,JIANGXI,江西省
2017,S001036,113.7606,30.879,168.0,孝感市,Xiaogan,HUBEI,湖北省
2017,S001037,113.3835,37.0476,,,,SHANXI,山西省
2017,S001038,113.6399,36.5705,,,,HEBEI,河北省
2017,S001039,120.5796,41.9615,,,,LIAONING,辽宁省
2017,S001040,120.9826,42.1033,,,,LIAONING,辽宁省
2017,S001041,109.4612,34.3207,,,,SHAANXI,陕西省
2017,S001042,112.4826,32.944,156.0,南阳市,Nanyang,HENAN,河南省
2017,S001043,112.4933,32.9347,156.0,南阳市,Nanyang,HENAN,河南省
2017,S001044,113.7566,32.2135,,,,HUBEI,湖北省
2017,S001045,121.2891,41.1518,40.0,锦州市,Jinzhou,LIAONING,辽宁省
2017,S001046,121.7764,41.334,,,,LIAONING,辽宁省
2017,S001047,114.1707,32.0729,158.0,信阳市,Xinyang,HUBEI,湖北省
2017,S001048,117.1886,31.7671,91.0,合肥市,Hefei,ANHUI,安徽省
2017,S001049,113.2361,34.393,,,,HENAN,河南省
2017,S001050,113.8182,34.3403,,,,HENAN,河南省
2017,S001051,119.6954,39.9556,5.0,秦皇岛市,Qinhuangdao,ANHUI,安徽省
2017,S001052,120.6864,40.7541,47.0,葫芦岛市,Huludao,YUNNAN,云南省
2017,S001053,120.6978,40.7897,47.0,葫芦岛市,Huludao,YUNNAN,云南省
2017,S001054,121.0339,41.0589,40.0,锦州市,Jinzhou,LIAONING,辽宁省
2017,S001055,121.0535,41.0664,40.0,锦州市,Jinzhou,LIAONING,辽宁省
2017,S001056,121.2762,41.1483,40.0,锦州市,Jinzhou,LIAONING,辽宁省
2017,S001057,121.2884,41.1473,40.0,锦州市,Jinzhou,LIAONING,辽宁省
2017,S001058,121.8378,41.2921,,,,LIAONING,辽宁省
2017,S001059,121.8515,41.3,,,,LIAONING,辽宁省
2017,S001060,123.4597,41.804,34.0,沈阳市,Shenyang,HUNAN,湖南省
2017,S001061,109.0414,19.1728,,,,HAINAN,海南省
2017,S001062,110.1857,19.9794,219.0,海口市,Haikou,HAINAN,海南省
2017,S001063,109.9664,20.6484,,,,GUANGDONG,广东省
2017,S001064,110.2653,21.222,193.0,湛江市,Zhanjiang,GUANGDONG,广东省
2017,S001065,118.2618,34.5054,,,,SHANDONG,山东省
2017,S001066,118.4807,34.9126,139.0,临沂市,Linyi,SHANDONG,山东省
2017,S001067,121.7772,41.3385,,,,LIAONING,辽宁省
2017,S001068,122.1452,41.5709,,,,LIAONING,辽宁省
2017,S001069,118.4415,35.1284,139.0,临沂市,Linyi,SHANDONG,山东省
2017,S001070,119.9269,36.2867,,,,JILIN,吉林省
2017,S001071,120.0012,36.2355,,,,SHANDONG,山东省
2017,S001072,120.1843,36.0029,128.0,青岛市,Qingdao,SHANDONG,山东省
2017,S001073,120.4565,32.3925,,,,GANSU,甘肃省
2017,S001074,120.8758,31.9863,72.0,南通市,Nantong,JIANGSU,江苏省
2017,S001075,118.9582,37.1023,,,,SHANDONG,山东省
2017,S001076,120.3506,37.6293,,,,SHANDONG,山东省
2017,S001077,118.6819,32.0643,67.0,南京市,Nanjing,GANSU,甘肃省
2017,S001078,120.4145,32.5373,,,,JIANGSU,江苏省
2017,S001079,94.6971,40.1468,,,,JIANGXI,江西省
2017,S001080,96.3592,40.656,,,,HEBEI,河北省
2017,S001081,112.8805,36.8157,,,,SHANXI,山西省
2017,S001082,113.3837,37.0521,,,,SHANXI,山西省
2017,S001083,115.129,25.9069,,,,JIANGXI,江西省
2017,S001084,117.0667,25.0122,114.0,龙岩市,Longyan,FUJIAN,福建省
2017,S001085,90.5351,30.0186,,,,XIZANG,西藏自治区
2017,S001086,94.8499,36.1172,,,,QINGHAI,青海省
2017,S001087,109.9277,39.7676,30.0,鄂尔多斯市,Erdos,NEIMENGGU,内蒙古自治区
2017,S001088,110.8782,39.62,,,,NEIMENGGU,内蒙古自治区
2017,S001089,122.1521,41.5749,,,,LIAONING,辽宁省
2017,S001090,123.0674,41.9841,,,,LIAONING,辽宁省
2017,S001091,98.1352,39.6891,261.0,嘉峪关市,Jiayuguan,SICHUAN,四川省
2017,S001092,100.4499,41.8731,,,,GANSU,甘肃省
2017,S001093,100.4628,41.8694,,,,GANSU,甘肃省
2017,S001094,100.5252,41.8692,,,,GANSU,甘肃省
2017,S001095,113.3042,31.8503,172.0,随州市,Suizhou,JIANGXI,江西省
2017,S001096,114.1319,32.1695,158.0,信阳市,Xinyang,HENAN,河南省
2017,S001097,106.343,29.5041,,,,JIANGSU,江苏省
2017,S001098,109.8861,27.6325,184.0,怀化市,Huaihua,CHONGQING,重庆市
2017,S001099,111.3146,26.9297,,,,HUNAN,湖南省
2017,S001100,111.5483,26.4916,183.0,永州市,Yongzhou,SHANXI,山西省
2017,S001101,112.0151,27.6833,185.0,娄底市,Loudi,HUNAN,湖南省
2017,S001102,112.2174,28.0998,,,,HUNAN,湖南省
2017,S001103,118.4199,39.1523,,,,HAINAN,海南省
2017,S001104,118.7896,39.4869,,,,HEBEI,河北省
2017,S001105,105.5004,30.5078,229.0,遂宁市,Suining,JIANGXI,江西省
2017,S001106,106.5022,29.8777,,,,CHONGQING,重庆市
2017,S001107,106.676,39.2874,,,,NINGXIA,宁夏回族自治区
2017,S001108,106.8243,39.3227,,,,ANHUI,安徽省
2017,S001109,106.8224,39.3679,,,,ANHUI,安徽省
2017,S001110,109.9398,39.7315,30.0,鄂尔多斯市,Erdos,NEIMENGGU,内蒙古自治区
2017,S001111,114.8839,30.2059,166.0,鄂州市,Ezhou,JIANGXI,江西省
2017,S001112,115.163,30.1394,162.0,黄石市,Huangshi,HUBEI,湖北省
2017,S001113,123.0736,41.9835,,,,LIAONING,辽宁省
2017,S001114,123.4544,41.8091,34.0,沈阳市,Shenyang,HUNAN,湖南省
2017,S001115,116.3509,39.8387,1.0,北京市,Beijing,JIANGXI,江西省
2017,S001116,116.3861,39.8959,1.0,北京市,Beijing,NEIMENGGU,内蒙古自治区
2017,S001117,116.3183,39.7405,,,,SICHUAN,四川省
2017,S001118,116.9308,39.3836,,,,HENAN,河南省
2017,S001119,116.9364,39.3788,,,,HENAN,河南省
2017,S001120,117.1809,39.1119,2.0,天津市,Tianjin,JIANGSU,江苏省
2017,S001121,117.3356,31.8264,91.0,合肥市,Hefei,ANHUI,安徽省
2017,S001122,118.6082,32.0923,67.0,南京市,Nanjing,SICHUAN,四川省
2017,S001123,112.5391,37.8849,14.0,太原市,Taiyuan,SHANXI,山西省
2017,S001124,114.4398,38.006,3.0,石家庄市,Shijiazhuang,JIANGXI,江西省
2017,S001125,117.1192,36.533,127.0,济南市,JiNan,JIANGSU,江苏省
2017,S001126,120.0128,36.28,,,,SHANDONG,山东省
2017,S001127,116.1357,29.6415,119.0,九江市,Jiujiang,JIANGXI,江西省
2017,S001128,117.7953,30.81,97.0,铜陵市,Tongling,NEIMENGGU,内蒙古自治区
2017,S001129,87.3658,43.8213,,,,HUNAN,湖南省
2017,S001130,89.0522,44.8101,,,,XINJIANG,新疆维吾尔自治区
2017,S001131,89.0508,44.8146,,,,XINJIANG,新疆维吾尔自治区
2017,S001132,89.2125,44.9788,,,,XINJIANG,新疆维吾尔自治区
2017,S001133,89.0599,44.8066,,,,XINJIANG,新疆维吾尔自治区
2017,S001134,89.9595,44.6677,,,,XINJIANG,新疆维吾尔自治区
2017,S001135,102.7606,24.904,242.0,昆明市,Kunming,YUNNAN,云南省
2017,S001136,103.4276,23.4157,,,,YUNNAN,云南省
2017,S001137,119.747,48.5554,,,,NEIMENGGU,内蒙古自治区
2017,S001138,119.8313,47.2731,,,,NEIMENGGU,内蒙古自治区
2017,S001139,100.1528,25.9886,,,,YUNNAN,云南省
2017,S001140,100.3241,26.6625,,,,YUNNAN,云南省
2017,S001141,84.7397,44.4652,,,,XINJIANG,新疆维吾尔自治区
2017,S001142,87.7646,47.3528,,,,XINJIANG,新疆维吾尔自治区
2017,S001143,110.9616,38.6337,,,,SHANXI,山西省
2017,S001144,111.5445,38.6869,,,,SHANXI,山西省
2017,S001145,112.6399,26.9339,176.0,衡阳市,Hengyang,HUNAN,湖南省
2017,S001146,114.2395,22.6947,,,,GUANGDONG,广东省
2017,S001147,120.5932,28.0327,82.0,温州市,Wenzhou,ANHUI,安徽省
2017,S001148,121.6058,29.7922,81.0,宁波市,Ningbo,CHONGQING,重庆市
2017,S001149,110.0881,22.5568,213.0,玉林市,Yulin4,GUANGXI,广西壮族自治区
2017,S001150,110.8684,22.8129,,,,GUANGXI,广西壮族自治区
2017,S001151,110.8085,22.7021,,,,GUANGXI,广西壮族自治区
2017,S001152,110.9655,22.2461,,,,SICHUAN,四川省
2017,S001153,110.8733,22.8175,,,,GUANGXI,广西壮族自治区
2017,S001154,111.6362,24.062,,,,GUANGXI,广西壮族自治区
2017,S001155,117.8195,24.5128,112.0,漳州市,Zhangzhou,CHONGQING,重庆市
2017,S001156,118.5235,24.9591,111.0,泉州市,Quanzhou,SICHUAN,四川省
2017,S001157,103.4283,23.4064,,,,YUNNAN,云南省
2017,S001158,103.959,22.4817,,,,YUNNAN,云南省
2017,S001159,118.5349,24.9721,111.0,泉州市,Quanzhou,SICHUAN,四川省
2017,S001160,119.3964,25.8295,,,,JIANGXI,江西省
2017,S001161,80.3916,44.2344,,,,XINJIANG,新疆维吾尔自治区
2017,S001162,82.9995,44.6519,,,,XINJIANG,新疆维吾尔自治区
2017,S001163,105.3031,29.2526,,,,SICHUAN,四川省
2017,S001164,105.5,28.8272,225.0,泸州市,Luzhou,SICHUAN,四川省
2017,S001165,100.4549,41.8826,,,,GANSU,甘肃省
2017,S001166,101.3221,42.5418,,,,GANSU,甘肃省
2017,S001167,100.5314,41.8696,,,,GANSU,甘肃省
2017,S001168,107.3064,40.7367,32.0,巴彦淖尔市,Bayannaoer,NEIMENGGU,内蒙古自治区
2017,S001169,110.2223,37.5299,,,,SHAANXI,陕西省
2017,S001170,110.8469,37.4144,,,,SHANXI,山西省
2017,S001171,105.5067,37.5202,,,,NINGXIA,宁夏回族自治区
2017,S001172,110.2106,37.5254,,,,SHAANXI,陕西省
2017,S001173,110.6375,37.515,,,,SHANXI,山西省
2017,S001174,112.6227,37.7522,20.0,晋中市,Jinzhong,GANSU,甘肃省
2017,S001175,106.1294,38.3949,273.0,银川市,Yinchuan,SICHUAN,四川省
2017,S001176,106.4499,38.1281,,,,CHONGQING,重庆市
2017,S001177,106.4562,38.1192,,,,CHONGQING,重庆市
2017,S001178,107.4147,37.5179,,,,SHAANXI,陕西省
2017,S001179,103.3606,23.3837,,,,YUNNAN,云南省
2017,S001180,103.3909,23.3068,,,,YUNNAN,云南省
2017,S001181,108.3289,30.7905,221.0,重庆市,Chongqing,SICHUAN,四川省
2017,S001182,111.3098,30.7133,164.0,宜昌市,Yichang,HUBEI,湖北省
2017,S001183,112.9697,22.6961,192.0,江门市,Jiangmen,GUANGDONG,广东省
2017,S001184,113.1083,22.4415,192.0,江门市,Jiangmen,GUANGDONG,广东省
2017,S001185,115.842,29.3101,,,,JIANGXI,江西省
2017,S001186,115.974,28.6325,116.0,南昌市,Nanchang,JIANGXI,江西省
2017,S001187,120.135,30.217,80.0,杭州市,Hangzhou,SICHUAN,四川省
2017,S001188,121.5413,29.8673,81.0,宁波市,Ningbo,ZHEJIANG,浙江省
2017,S001189,120.1355,30.2216,80.0,杭州市,Hangzhou,SICHUAN,四川省
2017,S001190,121.4671,31.2373,66.0,上海市,Shanghai,SHANGHAI,上海市
2017,S001191,109.5091,18.1968,220.0,三亚市,Sanya,HAINAN,海南省
2017,S001192,110.6782,19.6023,,,,HAINAN,海南省
2017,S001193,121.8454,41.3006,,,,LIAONING,辽宁省
2017,S001194,122.6663,40.8198,,,,LIAONING,辽宁省
2017,S001195,119.418,26.5602,115.0,宁德市,Ningde,SHANDONG,山东省
2017,S001196,120.5863,28.0195,82.0,温州市,Wenzhou,ANHUI,安徽省
2017,S001197,108.8291,34.1807,250.0,西安市,XiAn,ANHUI,安徽省
2017,S001198,113.6167,34.7263,144.0,郑州市,Zhengzhou,HENAN,河南省
2017,S001199,116.2802,39.8602,1.0,北京市,Beijing,JIANGXI,江西省
2017,S001200,116.3445,39.8345,1.0,北京市,Beijing,JIANGXI,江西省
2017,S001201,125.3632,43.9021,48.0,长春市,Changchun,JILIN,吉林省
2017,S001202,126.5178,43.8624,49.0,吉林市,Jilin,JILIN,吉林省
2017,S001203,116.3618,39.8246,1.0,北京市,Beijing,JIANGXI,江西省
2017,S001204,116.9372,39.3878,,,,HENAN,河南省
2017,S001205,116.4789,37.5177,140.0,德州市,Dezhou,SHANDONG,山东省
2017,S001206,117.1134,36.5333,127.0,济南市,JiNan,JIANGSU,江苏省
2017,S001207,116.9603,35.9303,,,,SHANDONG,山东省
2017,S001208,117.4471,32.8691,93.0,蚌埠市,Bengbu,ANHUI,安徽省
2017,S001209,117.4525,32.8687,93.0,蚌埠市,Bengbu,ANHUI,安徽省
2017,S001210,118.4015,32.1069,,,,SICHUAN,四川省
2017,S001211,118.401,32.1024,,,,SICHUAN,四川省
2017,S001212,121.3294,31.2642,66.0,上海市,Shanghai,JIANGSU,江苏省
2017,S001213,133.2474,47.5857,,,,HEILONGJIANG,黑龙江省
2017,S001214,134.4352,48.0976,,,,YUNNAN,云南省
2017,S001215,122.9091,39.8654,,,,LIAONING,辽宁省
2017,S001216,123.2329,40.2765,,,,LIAONING,辽宁省
2017,S001217,112.9238,22.7947,,,,GUANGDONG,广东省
2017,S001218,113.4887,22.1555,189.0,珠海市,Zhuhai,HEILONGJIANG,黑龙江省
2017,S001219,82.8197,42.0501,,,,XINJIANG,新疆维吾尔自治区
2017,S001220,82.9247,42.4296,,,,XINJIANG,新疆维吾尔自治区
2017,S001221,113.2945,41.0542,33.0,乌兰察布市,Ulanchabu,NEIMENGGU,内蒙古自治区
2017,S001222,114.6729,40.7235,,,,HEBEI,河北省
2017,S001223,126.5588,43.8713,49.0,吉林市,Jilin,JILIN,吉林省
2017,S001224,127.3833,43.854,,,,JIANGXI,江西省
2017,S001225,114.4422,38.1461,3.0,石家庄市,Shijiazhuang,GUIZHOU,贵州省
2017,S001226,116.2745,39.865,1.0,北京市,Beijing,JIANGXI,江西省
2017,S001227,116.2753,39.874,1.0,北京市,Beijing,XINJIANG,新疆维吾尔自治区
2017,S001228,116.3869,39.905,1.0,北京市,Beijing,NEIMENGGU,内蒙古自治区
2017,S001229,117.2837,32.284,,,,CHONGQING,重庆市
2017,S001230,117.4391,32.7833,93.0,蚌埠市,Bengbu,ANHUI,安徽省
2017,S001231,90.8187,40.486,,,,XINJIANG,新疆维吾尔自治区
2017,S001232,93.4688,42.8318,,,,XINJIANG,新疆维吾尔自治区
2017,S001233,75.9011,39.0913,,,,YUNNAN,云南省
2017,S001234,79.8638,37.1151,,,,XINJIANG,新疆维吾尔自治区
2017,S001235,118.8608,31.9466,67.0,南京市,Nanjing,JIANGXI,江西省
2017,S001236,120.191,30.2807,80.0,杭州市,Hangzhou,NINGXIA,宁夏回族自治区
2017,S001237,105.5415,30.4412,229.0,遂宁市,Suining,JIANGXI,江西省
2017,S001238,106.5975,29.6256,,,,CHONGQING,重庆市
2017,S001239,117.6076,34.8599,,,,HENAN,河南省
2017,S001240,118.2784,35.0395,139.0,临沂市,Linyi,SHANDONG,山东省
2017,S001241,111.3256,30.6904,164.0,宜昌市,Yichang,HUBEI,湖北省
2017,S001242,114.2118,30.8593,,,,FUJIAN,福建省
2017,S001243,113.6165,34.7218,144.0,郑州市,Zhengzhou,JIANGSU,江苏省
2017,S001244,114.2067,30.8641,,,,FUJIAN,福建省
2017,S001245,129.3961,42.8591,,,,JILIN,吉林省
2017,S001246,129.7917,42.988,,,,JILIN,吉林省
2017,S001247,113.6226,34.7307,144.0,郑州市,Zhengzhou,HENAN,河南省
2017,S001248,114.7102,37.2411,,,,HEBEI,河北省
2017,S001249,124.5936,40.8579,,,,LIAONING,辽宁省
2017,S001250,125.8974,41.7199,52.0,通化市,Tonghua,JILIN,吉林省
2017,S001251,117.0817,25.0112,114.0,龙岩市,Longyan,FUJIAN,福建省
2017,S001252,117.7725,24.433,112.0,漳州市,Zhangzhou,CHONGQING,重庆市
2017,S001253,117.7825,24.4323,112.0,漳州市,Zhangzhou,CHONGQING,重庆市
2017,S001254,117.8087,24.5043,112.0,漳州市,Zhangzhou,CHONGQING,重庆市
2017,S001255,108.2251,22.7553,205.0,南宁市,Nanning,HUNAN,湖南省
2017,S001256,108.6185,22.0138,211.0,钦州市,Qinzhou,GUANGXI,广西壮族自治区
2017,S001257,114.2444,22.6945,,,,GUANGDONG,广东省
2017,S001258,117.8091,24.5089,112.0,漳州市,Zhangzhou,CHONGQING,重庆市
2017,S001259,112.7218,26.7579,176.0,衡阳市,Hengyang,HUNAN,湖南省
2017,S001260,115.0648,27.0067,123.0,吉安市,JiAn,HUBEI,湖北省
2017,S001261,116.273,27.917,125.0,抚州市,Fuzhou3,JIANGXI,江西省
2017,S001262,117.7092,26.2728,110.0,三明市,Sanming,FUJIAN,福建省
2017,S001263,117.7186,26.2629,110.0,三明市,Sanming,FUJIAN,福建省
2017,S001264,119.0051,25.387,109.0,莆田市,Putian,FUJIAN,福建省
2017,S001265,109.0739,23.1922,,,,GUANGXI,广西壮族自治区
2017,S001266,109.3576,24.1878,206.0,柳州市,Liuzhou,GUANGXI,广西壮族自治区
2017,S001267,113.293,23.1037,186.0,广州市,Guangzhou,JIANGXI,江西省
2017,S001268,114.1852,22.251,,,,GUANGDONG,广东省
2017,S001269,106.5985,29.6029,,,,CHONGQING,重庆市
2017,S001270,108.7515,30.2006,,,,HUBEI,湖北省
2017,S001271,102.5464,24.3305,244.0,玉溪市,Yuxi,YUNNAN,云南省
2017,S001272,102.9234,23.9209,,,,YUNNAN,云南省
2017,S001273,109.3568,24.2985,206.0,柳州市,Liuzhou,GUANGXI,广西壮族自治区
2017,S001274,110.232,25.3316,,,,GUANGXI,广西壮族自治区
2017,S001275,110.2421,25.3362,,,,GUANGXI,广西壮族自治区
2017,S001276,112.6369,26.8332,176.0,衡阳市,Hengyang,HUNAN,湖南省
2017,S001277,108.6235,22.0092,211.0,钦州市,Qinzhou,GUANGXI,广西壮族自治区
2017,S001278,109.1486,21.4937,209.0,北海市,Beihai,GUANGXI,广西壮族自治区
2017,S001279,87.5934,43.8257,278.0,乌鲁木齐市,Urumqi,XINJIANG,新疆维吾尔自治区
2017,S001280,103.8198,35.939,260.0,兰州市,Lanzhou,GANSU,甘肃省
2017,S001281,106.2303,30.8424,232.0,南充市,Nanchong,SICHUAN,四川省
2017,S001282,106.7791,30.2859,,,,SICHUAN,四川省
2017,S001283,108.327,22.8125,205.0,南宁市,Nanning,HUNAN,湖南省
2017,S001284,109.0739,23.1876,,,,GUANGXI,广西壮族自治区
2017,S001285,109.0789,23.183,,,,GUANGXI,广西壮族自治区
2017,S001286,112.431,23.0898,195.0,肇庆市,Zhaoqing,GUANGDONG,广东省
2017,S001287,112.4362,23.099,195.0,肇庆市,Zhaoqing,GUANGDONG,广东省
2017,S001288,113.0472,22.9674,191.0,佛山市,Foshan,YUNNAN,云南省
2017,S001289,116.2737,37.4463,140.0,德州市,Dezhou,SHANDONG,山东省
2017,S001290,117.0081,38.2965,11.0,沧州市,Cangzhou,HEBEI,河北省
2017,S001291,109.9831,34.6474,,,,SHAANXI,陕西省
2017,S001292,112.5805,37.8932,14.0,太原市,Taiyuan,HAINAN,海南省
2017,S001293,112.5559,38.5537,,,,SHANXI,山西省
2017,S001294,113.2866,39.9309,15.0,大同市,Datong,GANSU,甘肃省
2017,S001295,103.5323,30.9898,,,,SICHUAN,四川省
2017,S001296,104.0686,30.7358,222.0,成都市,Chengdu,SICHUAN,四川省
2017,S001297,103.4204,29.6812,,,,SICHUAN,四川省
2017,S001298,104.0016,30.7688,222.0,成都市,Chengdu,SICHUAN,四川省
2017,S001299,104.0743,30.7315,222.0,成都市,Chengdu,SICHUAN,四川省
2017,S001300,105.5362,30.441,229.0,遂宁市,Suining,JIANGXI,江西省
2017,S001301,88.8462,29.2656,,,,XIZANG,西藏自治区
2017,S001302,91.0011,29.6187,,,,XIZANG,西藏自治区
2017,S001303,117.8532,28.5149,126.0,上饶市,Shangrao,HUNAN,湖南省
2017,S001304,120.2376,30.0482,,,,SHANDONG,山东省
2017,S001305,120.1894,30.2672,80.0,杭州市,Hangzhou,GANSU,甘肃省
2017,S001306,120.2364,30.126,80.0,杭州市,Hangzhou,ZHEJIANG,浙江省
2017,S001307,110.8234,37.401,,,,SHANXI,山西省
2017,S001308,111.6678,36.2272,,,,SICHUAN,四川省
2017,S001309,110.866,37.5498,,,,SHANXI,山西省
2017,S001310,111.1974,38.1572,,,,SHANXI,山西省
2017,S001311,116.273,37.4373,140.0,德州市,Dezhou,SHANDONG,山东省
2017,S001312,117.0579,36.6224,127.0,济南市,JiNan,JIANGSU,江苏省
2017,S001313,111.6849,36.2224,,,,SICHUAN,四川省
2017,S001314,112.924,35.9831,,,,SHANXI,山西省
2017,S001315,112.9353,35.9784,17.0,长治市,Changzhi,SHANXI,山西省
2017,S001316,114.1504,35.8541,149.0,鹤壁市,Hebi,HENAN,河南省
2017,S001317,114.3799,35.8599,149.0,鹤壁市,Hebi,HENAN,河南省
2017,S001318,115.8869,36.0072,,,,SHANDONG,山东省
2017,S001319,115.899,36.0157,,,,SHANDONG,山东省
2017,S001320,117.1756,36.0225,,,,SHANDONG,山东省
2017,S001321,117.8325,36.0336,,,,SHANDONG,山东省
2017,S001322,118.604,35.571,,,,SHANDONG,山东省
2017,S001323,118.6144,35.5612,,,,SHANDONG,山东省
2017,S001324,119.2833,35.3141,,,,SHANDONG,山东省
2017,S001325,103.5133,23.254,,,,YUNNAN,云南省
2017,S001326,103.9118,22.6045,,,,YUNNAN,云南省
2017,S001327,106.675,26.4391,,,,JIANGSU,江苏省
2017,S001328,112.4408,23.2748,,,,GUANGDONG,广东省
2017,S001329,113.5846,24.7761,187.0,韶关市,Shaoguan,HUNAN,湖南省
2017,S001330,114.9239,25.599,,,,JIANGXI,江西省
2017,S001331,86.4512,41.994,,,,XINJIANG,新疆维吾尔自治区
2017,S001332,87.9773,42.5631,,,,XINJIANG,新疆维吾尔自治区
2017,S001333,116.2793,39.7786,,,,SICHUAN,四川省
2017,S001334,117.1458,39.2453,2.0,天津市,Tianjin,GANSU,甘肃省
2017,S001335,117.0362,33.6693,102.0,宿州市,Suzhou4,ANHUI,安徽省
2017,S001336,117.4082,32.8669,93.0,蚌埠市,Bengbu,ANHUI,安徽省
2017,S001337,117.3169,31.8003,91.0,合肥市,Hefei,SICHUAN,四川省
2017,S001338,117.9846,30.9841,97.0,铜陵市,Tongling,ANHUI,安徽省
2017,S001339,117.9945,30.9743,97.0,铜陵市,Tongling,ANHUI,安徽省
2017,S001340,118.4403,29.9951,,,,GUIZHOU,贵州省
2017,S001341,117.8523,28.5058,126.0,上饶市,Shangrao,JIANGXI,江西省
2017,S001342,119.4004,26.0597,107.0,福州市,Fuzhou2,JIANGXI,江西省
2017,S001343,117.7738,29.142,,,,HUBEI,湖北省
2017,S001344,118.4341,29.9864,,,,GUIZHOU,贵州省
2017,S001345,126.4737,43.8399,49.0,吉林市,Jilin,JILIN,吉林省
2017,S001346,130.3917,42.8397,,,,JILIN,吉林省
2017,S001347,121.5715,38.9819,35.0,大连市,Dalian,HENAN,河南省
2017,S001348,123.3854,41.6741,34.0,沈阳市,Shenyang,LIAONING,辽宁省
2017,S001349,123.3132,41.823,34.0,沈阳市,Shenyang,ANHUI,安徽省
2017,S001350,125.3282,44.0074,48.0,长春市,Changchun,JILIN,吉林省
2017,S001351,125.3322,44.0254,48.0,长春市,Changchun,JILIN,吉林省
2017,S001352,126.4674,43.8406,49.0,吉林市,Jilin,JILIN,吉林省
2017,S001353,93.5735,42.7384,,,,XINJIANG,新疆维吾尔自治区
2017,S001354,100.6363,42.0683,,,,GANSU,甘肃省
2017,S001355,100.6548,42.0696,,,,GANSU,甘肃省
2017,S001356,101.07,41.9469,,,,GANSU,甘肃省
2017,S001357,117.0601,33.7496,102.0,宿州市,Suzhou4,ANHUI,安徽省
2017,S001358,117.2684,34.1955,69.0,徐州市,Xuzhou,JIANGXI,江西省
2017,S001359,124.0128,47.3107,56.0,齐齐哈尔市,Qiqihar,HEILONGJIANG,黑龙江省
2017,S001360,126.7189,45.7798,55.0,哈尔滨市,Harbin,LIAONING,辽宁省
2017,S001361,117.0092,30.4994,98.0,安庆市,Anqing,ANHUI,安徽省
2017,S001362,117.9896,30.9792,97.0,铜陵市,Tongling,ANHUI,安徽省
2017,S001363,117.9954,30.9834,,,,ANHUI,安徽省
2017,S001364,118.736,31.9557,67.0,南京市,Nanjing,SHANDONG,山东省
2017,S001365,106.6646,31.8132,238.0,巴中市,Bazhong,SICHUAN,四川省
2017,S001366,107.4883,31.2207,236.0,达州市,Dazhou,HENAN,河南省
2017,S001367,113.9697,22.6912,188.0,深圳市,Shenzhen,GANSU,甘肃省
2017,S001368,114.1211,22.2349,,,,YUNNAN,云南省
2017,S001369,114.8175,40.6913,9.0,张家口市,Zhangjiakou,HEBEI,河北省
2017,S001370,117.4775,40.988,,,,HEBEI,河北省
2017,S001371,117.5029,40.9956,,,,HEBEI,河北省
2017,S001372,117.8302,40.6682,,,,HEBEI,河北省
2017,S001373,117.8329,40.6362,,,,HEBEI,河北省
2017,S001374,117.9573,40.3746,,,,HEBEI,河北省
2017,S001375,117.8723,40.0391,,,,NEIMENGGU,内蒙古自治区
2017,S001376,117.9008,39.7968,,,,QINGHAI,青海省
2017,S001377,117.9054,39.7829,,,,QINGHAI,青海省
2017,S001378,118.0272,39.458,4.0,唐山市,Tangshan,HEBEI,河北省
2017,S001379,116.905,35.4396,,,,SHANDONG,山东省
2017,S001380,117.4321,34.5032,,,,JIANGSU,江苏省
2017,S001381,118.0377,39.4437,,,,HEBEI,河北省
2017,S001382,118.429,39.1789,,,,HEBEI,河北省
2017,S001383,116.3703,37.342,140.0,德州市,Dezhou,SHANDONG,山东省
2017,S001384,118.4501,37.4177,131.0,东营市,Dongying,SHANDONG,山东省
2017,S001385,118.4676,37.4166,131.0,东营市,Dongying,SHANDONG,山东省
2017,S001386,118.9882,37.1093,,,,SHANDONG,山东省
2017,S001387,104.0616,30.6081,222.0,成都市,Chengdu,JIANGSU,江苏省
2017,S001388,106.4014,29.5013,,,,JIANGSU,江苏省
2017,S001389,106.4066,29.5015,,,,JIANGSU,江苏省
2017,S001390,106.588,29.598,,,,CHONGQING,重庆市
2017,S001391,94.2584,39.7932,,,,JIANGXI,江西省
2017,S001392,94.86,39.5108,,,,SHANDONG,山东省
2017,S001393,123.3719,41.6022,,,,LIAONING,辽宁省
2017,S001394,124.3376,40.0985,39.0,丹东市,Dandong,LIAONING,辽宁省
2017,S001395,109.8111,40.5912,26.0,包头市,Baotou,NEIMENGGU,内蒙古自治区
2017,S001396,113.096,41.0045,33.0,乌兰察布市,Ulanchabu,NEIMENGGU,内蒙古自治区
2017,S001397,102.9723,25.0286,,,,YUNNAN,云南省
2017,S001398,108.225,22.7599,205.0,南宁市,Nanning,HUNAN,湖南省
2017,S001399,102.7492,25.0463,242.0,昆明市,Kunming,HAINAN,海南省
2017,S001400,113.0118,28.036,,,,HUNAN,湖南省
2017,S001401,116.8468,35.5561,,,,HUNAN,湖南省
2017,S001402,117.1112,35.8223,,,,SHANDONG,山东省
2017,S001403,113.0222,28.0357,,,,HUNAN,湖南省
2017,S001404,117.8475,28.5107,126.0,上饶市,Shangrao,JIANGXI,江西省
2017,S001405,113.6282,34.7305,144.0,郑州市,Zhengzhou,HENAN,河南省
2017,S001406,117.3466,34.1909,69.0,徐州市,Xuzhou,JIANGSU,江苏省
2017,S001407,120.0025,36.2898,,,,SHANDONG,山东省
2017,S001408,122.4087,37.1295,,,,XINJIANG,新疆维吾尔自治区
2017,S001409,103.8259,35.9347,260.0,兰州市,Lanzhou,GANSU,甘肃省
2017,S001410,108.829,34.1898,250.0,西安市,XiAn,SICHUAN,四川省
2017,S001411,114.4176,30.5791,161.0,武汉市,Wuhan,HUNAN,湖南省
2017,S001412,115.9916,29.6308,119.0,九江市,Jiujiang,JIANGXI,江西省
2017,S001413,114.466,37.9508,3.0,石家庄市,Shijiazhuang,SHANDONG,山东省
2017,S001414,117.1076,36.5336,127.0,济南市,JiNan,JIANGSU,江苏省
2017,S001415,104.0063,30.7782,222.0,成都市,Chengdu,SICHUAN,四川省
2017,S001416,108.8236,34.1762,250.0,西安市,XiAn,FUJIAN,福建省
2017,S001417,126.7577,45.7752,55.0,哈尔滨市,Harbin,LIAONING,辽宁省
2017,S001418,130.3833,46.8033,62.0,佳木斯市,Jiamusi,JIANGXI,江西省
2017,S001419,126.7178,45.7752,55.0,哈尔滨市,Harbin,LIAONING,辽宁省
2017,S001420,126.7501,45.7714,55.0,哈尔滨市,Harbin,HEILONGJIANG,黑龙江省
2017,S001421,126.749,45.7669,55.0,哈尔滨市,Harbin,HEILONGJIANG,黑龙江省
2017,S001422,129.6224,44.6105,64.0,牡丹江市,Mudanjiang,HEILONGJIANG,黑龙江省
2017,S001423,117.1084,35.8542,,,,SHANDONG,山东省
2017,S001424,117.2076,36.057,135.0,泰安市,Taian,SHANDONG,山东省
2017,S001425,118.4456,29.9947,,,,GUIZHOU,贵州省
2017,S001426,120.1253,30.1813,80.0,杭州市,Hangzhou,HUNAN,湖南省
2017,S001427,120.8818,31.9903,72.0,南通市,Nantong,JIANGSU,江苏省
2017,S001428,121.6337,31.8377,,,,JIANGSU,江苏省
2017,S001429,103.5507,29.5061,231.0,乐山市,Leshan,SICHUAN,四川省
2017,S001430,104.5199,28.7027,234.0,宜宾市,Yibin,SICHUAN,四川省
2017,S001431,116.3865,39.9005,1.0,北京市,Beijing,NEIMENGGU,内蒙古自治区
2017,S001432,123.3062,41.8191,34.0,沈阳市,Shenyang,ANHUI,安徽省
2017,S001433,114.2172,30.8591,,,,FUJIAN,福建省
2017,S001434,117.3119,31.8052,91.0,合肥市,Hefei,SICHUAN,四川省
2017,S001435,116.8843,36.496,127.0,济南市,JiNan,SHANDONG,山东省
2017,S001436,117.1902,36.1168,135.0,泰安市,Taian,YUNNAN,云南省
2017,S001437,116.9555,38.8792,,,,HEBEI,河北省
2017,S001438,117.2125,39.1284,2.0,天津市,Tianjin,HENAN,河南省
2017,S001439,117.4137,32.8666,93.0,蚌埠市,Bengbu,ANHUI,安徽省
2017,S001440,118.8129,32.0093,67.0,南京市,Nanjing,SHANDONG,山东省
2017,S001441,117.3134,34.8049,130.0,枣庄市,Zaozhuang,SHANDONG,山东省
2017,S001442,117.6015,34.8557,,,,HENAN,河南省
2017,S001443,120.3391,30.0896,,,,HEBEI,河北省
2017,S001444,121.8929,29.8183,,,,SICHUAN,四川省
2017,S001445,116.1865,39.8963,,,,ZHEJIANG,浙江省
2017,S001446,116.2732,39.7789,,,,SICHUAN,四川省
2017,S001447,115.833,29.3334,,,,JIANGXI,江西省
2017,S001448,116.0074,28.3611,,,,JIANGXI,江西省
2017,S001449,103.2776,23.3693,,,,YUNNAN,云南省
2017,S001450,103.3094,23.4083,,,,YUNNAN,云南省
2017,S001451,103.1468,23.398,,,,YUNNAN,云南省
2017,S001452,103.1969,23.4569,,,,YUNNAN,云南省
2017,S001453,109.659,40.523,,,,NEIMENGGU,内蒙古自治区
2017,S001454,109.9939,40.4963,,,,NEIMENGGU,内蒙古自治区
2017,S001455,110.0,40.4963,,,,NEIMENGGU,内蒙古自治区
2017,S001456,113.0394,40.9695,33.0,乌兰察布市,Ulanchabu,NEIMENGGU,内蒙古自治区
2017,S001457,113.2927,40.0666,15.0,大同市,Datong,SHANXI,山西省
2017,S001458,115.4516,40.3452,,,,HEBEI,河北省
2017,S001459,115.4449,40.3364,,,,HEBEI,河北省
2017,S001460,115.5402,40.3099,,,,HEBEI,河北省
2017,S001461,115.5463,40.3096,,,,HEBEI,河北省
2017,S001462,115.5951,40.3121,,,,HEBEI,河北省
2017,S001463,115.5948,40.3076,,,,HEBEI,河北省
2017,S001464,116.1731,40.1689,,,,GUANGDONG,广东省
2017,S001465,116.1727,40.1644,,,,GUANGDONG,广东省
2017,S001466,116.2036,40.0995,,,,YUNNAN,云南省
2017,S001467,126.7348,45.7361,55.0,哈尔滨市,Harbin,HEILONGJIANG,黑龙江省
2017,S001468,129.2745,44.5891,,,,HEILONGJIANG,黑龙江省
2017,S001469,116.2089,40.0902,,,,YUNNAN,云南省
2017,S001470,116.4696,39.8829,1.0,北京市,Beijing,ANHUI,安徽省
2017,S001471,113.0392,40.965,33.0,乌兰察布市,Ulanchabu,NEIMENGGU,内蒙古自治区
2017,S001472,113.2868,40.0713,15.0,大同市,Datong,SHANXI,山西省
2017,S001473,123.4464,41.7001,34.0,沈阳市,Shenyang,LIAONING,辽宁省
2017,S001474,123.9472,41.8329,37.0,抚顺市,Fushun,SHANXI,山西省
2017,S001475,130.517,44.8505,,,,HEILONGJIANG,黑龙江省
2017,S001476,130.997,45.2936,57.0,鸡西市,Jixi,ANHUI,安徽省
2017,S001477,122.0387,41.8271,,,,LIAONING,辽宁省
2017,S001478,122.2473,42.0234,,,,LIAONING,辽宁省
2017,S001479,122.3977,43.6131,29.0,通辽市,Tongliao,HUBEI,湖北省
2017,S001480,123.4818,43.5491,,,,JILIN,吉林省
2017,S001481,122.2352,43.5265,29.0,通辽市,Tongliao,HUBEI,湖北省
2017,S001482,122.5502,42.3208,,,,LIAONING,辽宁省
2017,S001483,124.2679,45.4904,,,,JILIN,吉林省
2017,S001484,124.9319,46.5072,60.0,大庆市,Daqing,HEILONGJIANG,黑龙江省
2017,S001485,123.472,41.8028,34.0,沈阳市,Shenyang,HUNAN,湖南省
2017,S001486,123.9332,41.8572,37.0,抚顺市,Fushun,SHANXI,山西省
2017,S001487,123.9463,41.8605,37.0,抚顺市,Fushun,LIAONING,辽宁省
2017,S001488,125.6558,42.5338,,,,JILIN,吉林省
